Hybrid Sort,Random,5,0.005499999999436511
Hybrid Sort,Random,5,0.0023999999996249244
Hybrid Sort,Random,10,0.006299999999903605
Hybrid Sort,Random,10,0.004500000000184912
Hybrid Sort,Random,15,0.01380000000050785
Hybrid Sort,Random,15,0.015300000000273428
Hybrid Sort,Random,20,0.018000000000739647
Hybrid Sort,Random,20,0.021700000000457464
Hybrid Sort,Random,25,0.0315000000004062
Hybrid Sort,Random,25,0.02459999999970819
Hybrid Sort,Random,30,0.04239999999988697
Hybrid Sort,Random,30,0.049100000000024124
Hybrid Sort,Random,35,0.08690000000033393
Hybrid Sort,Random,35,0.04839999999983746
Hybrid Sort,Random,40,0.06660000000024979
Hybrid Sort,Random,40,0.22349999999971004
Hybrid Sort,Random,45,0.10210000000032693
Hybrid Sort,Random,45,0.2629999999994581
Hybrid Sort,Random,50,0.09510000000023666
Hybrid Sort,Random,50,0.07700000000010476
Hybrid Sort,Random,55,0.2033999999992986
Hybrid Sort,Random,55,0.13069999999970605
Hybrid Sort,Random,60,0.1867000000004282
Hybrid Sort,Random,60,0.10680000000018453
Hybrid Sort,Random,65,0.28489999999958826
Hybrid Sort,Random,65,0.13929999999984233
Hybrid Sort,Random,70,0.21640000000022752
Hybrid Sort,Random,70,0.3143999999997149
Hybrid Sort,Random,75,0.5709999999998772
Hybrid Sort,Random,75,0.17919999999982394
Hybrid Sort,Random,80,0.30750000000079325
Hybrid Sort,Random,80,0.4969000000007995
Hybrid Sort,Random,85,0.3919999999997259
Hybrid Sort,Random,85,0.2623000000001596
Hybrid Sort,Random,90,0.3232999999998043
Hybrid Sort,Random,90,0.32580000000059783
Hybrid Sort,Random,95,0.5228000000006006
Hybrid Sort,Random,95,0.23830000000035767
Hybrid Sort,Random,100,0.27829999999973154
Hybrid Sort,Random,100,0.6216999999999473
Hybrid Sort,Random,105,0.7250000000000867
Hybrid Sort,Random,105,0.42730000000013035
Hybrid Sort,Random,110,0.992300000000057
Hybrid Sort,Random,110,0.5388000000001725
Hybrid Sort,Random,115,0.8867999999999654
Hybrid Sort,Random,115,0.5688999999993172
Hybrid Sort,Random,120,0.5090000000000927
Hybrid Sort,Random,120,0.5302000000000362
Hybrid Sort,Random,125,0.6972000000002865
Hybrid Sort,Random,125,0.5771000000001081
Hybrid Sort,Random,130,1.1319000000007406
Hybrid Sort,Random,130,0.9088000000012642
Hybrid Sort,Random,135,0.7074999999989728
Hybrid Sort,Random,135,0.7732000000011396
Hybrid Sort,Random,140,0.6701000000006729
Hybrid Sort,Random,140,1.0086000000004702
Hybrid Sort,Random,145,1.0677000000001158
Hybrid Sort,Random,145,1.205600000000473
Hybrid Sort,Random,150,0.7928000000010371
Hybrid Sort,Random,150,1.0965999999985598
Hybrid Sort,Random,155,0.9613000000001648
Hybrid Sort,Random,155,1.2113999999989744
Hybrid Sort,Random,160,0.9253000000004619
Hybrid Sort,Random,160,0.7806999999999675
Hybrid Sort,Random,165,1.1735999999995528
Hybrid Sort,Random,165,1.807799999999915
Hybrid Sort,Random,170,0.9227999999996683
Hybrid Sort,Random,170,1.1571999999997473
Hybrid Sort,Random,175,1.3779999999989911
Hybrid Sort,Random,175,1.9860999999998796
Hybrid Sort,Random,180,2.4047999999989855
Hybrid Sort,Random,180,1.7540999999994256
Hybrid Sort,Random,185,1.3618999999991388
Hybrid Sort,Random,185,1.0304000000012081
Hybrid Sort,Random,190,3.1700000000007833
Hybrid Sort,Random,190,1.9049999999989353
Hybrid Sort,Random,195,1.0471000000009667
Hybrid Sort,Random,195,1.0860000000008085
Hybrid Sort,Random,200,1.7642999999996078
Hybrid Sort,Random,200,1.859800000000078
Hybrid Sort,Random,205,2.9561999999998534
Hybrid Sort,Random,205,1.4264000000014931
Hybrid Sort,Random,210,1.0039000000006126
Hybrid Sort,Random,210,1.8177999999995365
Hybrid Sort,Random,215,2.5215000000002874
Hybrid Sort,Random,215,1.8991000000010416
Hybrid Sort,Random,220,1.667799999999886
Hybrid Sort,Random,220,3.211599999998427
Hybrid Sort,Random,225,1.2983000000001965
Hybrid Sort,Random,225,2.344300000000743
Hybrid Sort,Random,230,2.4201999999995394
Hybrid Sort,Random,230,2.563300000000268
Hybrid Sort,Random,235,1.370499999998387
Hybrid Sort,Random,235,2.285600000000443
Hybrid Sort,Random,240,1.4921000000001072
Hybrid Sort,Random,240,1.6397000000001327
Hybrid Sort,Random,245,3.733399999999776
Hybrid Sort,Random,245,2.4321999999994404
Hybrid Sort,Random,250,3.2173000000010887
Hybrid Sort,Random,250,3.676099999999849
Hybrid Sort,Random,255,2.0148000000013155
Hybrid Sort,Random,255,2.5810000000010547
Hybrid Sort,Random,260,3.444899999999862
Hybrid Sort,Random,260,5.524700000000493
Hybrid Sort,Random,265,1.588099999999315
Hybrid Sort,Random,265,2.362200000000314
Hybrid Sort,Random,270,2.5289999999991153
Hybrid Sort,Random,270,4.63009999999997
Hybrid Sort,Random,275,2.8074000000000154
Hybrid Sort,Random,275,5.426200000000492
Hybrid Sort,Random,280,4.7914999999996155
Hybrid Sort,Random,280,2.354199999999196
Hybrid Sort,Random,285,3.28380000000017
Hybrid Sort,Random,285,4.415200000000397
Hybrid Sort,Random,290,4.095300000001245
Hybrid Sort,Random,290,3.0695999999998946
Hybrid Sort,Random,295,5.5461999999995015
Hybrid Sort,Random,295,3.4583000000001363
Hybrid Sort,Random,300,2.8788000000012914
Hybrid Sort,Random,300,3.1636999999999915
Hybrid Sort,Random,305,2.49120000000147
Hybrid Sort,Random,305,3.280600000000078
Hybrid Sort,Random,310,4.971199999999953
Hybrid Sort,Random,310,3.532699999999167
Hybrid Sort,Random,315,3.0319999999992575
Hybrid Sort,Random,315,3.379599999998817
Hybrid Sort,Random,320,2.9602999999998048
Hybrid Sort,Random,320,2.310500000000104
Hybrid Sort,Random,325,6.1949999999999505
Hybrid Sort,Random,325,7.115499999999386
Hybrid Sort,Random,330,7.430299999999335
Hybrid Sort,Random,330,7.931799999999711
Hybrid Sort,Random,335,6.311699999999476
Hybrid Sort,Random,335,4.7661999999988325
Hybrid Sort,Random,340,7.8867999999996385
Hybrid Sort,Random,340,6.902600000000092
Hybrid Sort,Random,345,4.116599999999693
Hybrid Sort,Random,345,7.436800000000687
Hybrid Sort,Random,350,4.724600000001189
Hybrid Sort,Random,350,9.983200000000636
Hybrid Sort,Random,355,4.344299999999635
Hybrid Sort,Random,355,8.910999999999447
Hybrid Sort,Random,360,6.914999999999338
Hybrid Sort,Random,360,5.929099999999465
Hybrid Sort,Random,365,5.465899999999024
Hybrid Sort,Random,365,7.871099999999132
Hybrid Sort,Random,370,7.908999999999722
Hybrid Sort,Random,370,4.514999999999603
Hybrid Sort,Random,375,4.628099999999691
Hybrid Sort,Random,375,5.588700000000557
Hybrid Sort,Random,380,3.5229000000001065
Hybrid Sort,Random,380,10.84990000000019
Hybrid Sort,Random,385,4.404799999999653
Hybrid Sort,Random,385,4.820199999999275
Hybrid Sort,Random,390,3.2265999999996353
Hybrid Sort,Random,390,3.942500000000848
Hybrid Sort,Random,395,7.588699999999449
Hybrid Sort,Random,395,5.668100000001175
Hybrid Sort,Random,400,5.839800000000395
Hybrid Sort,Random,400,11.229699999999454
Hybrid Sort,Random,405,7.9363999999984
Hybrid Sort,Random,405,4.424499999998943
Hybrid Sort,Random,410,4.571200000000886
Hybrid Sort,Random,410,4.606100000000168
Hybrid Sort,Random,415,6.482300000000052
Hybrid Sort,Random,415,5.811000000001343
Hybrid Sort,Random,420,7.686700000000712
Hybrid Sort,Random,420,11.629300000000953
Hybrid Sort,Random,425,9.48780000000049
Hybrid Sort,Random,425,12.079399999999296
Hybrid Sort,Random,430,4.774400000000512
Hybrid Sort,Random,430,4.945499999999825
Hybrid Sort,Random,435,15.207399999999538
Hybrid Sort,Random,435,4.625199999999552
Hybrid Sort,Random,440,4.98690000000046
Hybrid Sort,Random,440,12.047499999999545
Hybrid Sort,Random,445,11.199599999999421
Hybrid Sort,Random,445,8.578799999998665
Hybrid Sort,Random,450,8.37320000000119
Hybrid Sort,Random,450,15.447500000000502
Hybrid Sort,Random,455,9.685100000000446
Hybrid Sort,Random,455,9.231800000000234
Hybrid Sort,Random,460,15.571899999999417
Hybrid Sort,Random,460,15.397300000000058
Hybrid Sort,Random,465,10.871500000000367
Hybrid Sort,Random,465,10.471300000000738
Hybrid Sort,Random,470,6.743100000001334
Hybrid Sort,Random,470,11.56630000000014
Hybrid Sort,Random,475,17.781000000001157
Hybrid Sort,Random,475,8.750199999999708
Hybrid Sort,Random,480,8.110999999999535
Hybrid Sort,Random,480,8.677999999999741
Hybrid Sort,Random,485,11.37719999999831
Hybrid Sort,Random,485,18.142999999998466
Hybrid Sort,Random,490,7.886700000000246
Hybrid Sort,Random,490,7.034900000000732
Hybrid Sort,Random,495,12.638000000000815
Hybrid Sort,Random,495,8.552699999999192
Hybrid Sort,Random,500,11.192899999999284
Hybrid Sort,Random,500,15.062699999999651
Hybrid Sort,Random,505,10.035300000000191
Hybrid Sort,Random,505,5.8317999999992765
Hybrid Sort,Random,510,11.550300000001457
Hybrid Sort,Random,510,17.14540000000042
Hybrid Sort,Random,515,16.607000000000482
Hybrid Sort,Random,515,10.590399999999889
Hybrid Sort,Random,520,12.27270000000047
Hybrid Sort,Random,520,8.55080000000008
Hybrid Sort,Random,525,7.64560000000003
Hybrid Sort,Random,525,10.932499999999123
Hybrid Sort,Random,530,13.752199999998993
Hybrid Sort,Random,530,11.615199999999604
Hybrid Sort,Random,535,9.292199999999085
Hybrid Sort,Random,535,12.154499999999402
Hybrid Sort,Random,540,8.128199999999808
Hybrid Sort,Random,540,11.060800000000981
Hybrid Sort,Random,545,15.741800000000694
Hybrid Sort,Random,545,13.241200000001285
Hybrid Sort,Random,550,18.980599999999015
Hybrid Sort,Random,550,17.403100000001004
Hybrid Sort,Random,555,12.070800000000048
Hybrid Sort,Random,555,7.94059999999952
Hybrid Sort,Random,560,17.909900000001144
Hybrid Sort,Random,560,7.118900000000039
Hybrid Sort,Random,565,11.33649999999875
Hybrid Sort,Random,565,12.562300000000803
Hybrid Sort,Random,570,10.243100000000283
Hybrid Sort,Random,570,9.726600000000474
Hybrid Sort,Random,575,15.417900000000984
Hybrid Sort,Random,575,13.308999999999571
Hybrid Sort,Random,580,19.622800000000495
Hybrid Sort,Random,580,10.331799999999447
Hybrid Sort,Random,585,12.49009999999906
Hybrid Sort,Random,585,10.775699999999944
Hybrid Sort,Random,590,7.112199999999902
Hybrid Sort,Random,590,18.999200000001437
Hybrid Sort,Random,595,11.35559999999991
Hybrid Sort,Random,595,26.80759999999971
Hybrid Sort,Random,600,20.1071000000006
Hybrid Sort,Random,600,17.922900000000297
Hybrid Sort,Random,605,14.060799999999318
Hybrid Sort,Random,605,16.631300000000238
Hybrid Sort,Random,610,20.342599999999322
Hybrid Sort,Random,610,17.013699999999687
Hybrid Sort,Random,615,16.681499999998906
Hybrid Sort,Random,615,14.907800000001359
Hybrid Sort,Random,620,13.485900000000939
Hybrid Sort,Random,620,19.798500000000274
Hybrid Sort,Random,625,15.443700000000504
Hybrid Sort,Random,625,13.086899999999346
Hybrid Sort,Random,630,26.18870000000051
Hybrid Sort,Random,630,10.944000000000287
Hybrid Sort,Random,635,10.813499999999365
Hybrid Sort,Random,635,20.543599999999884
Hybrid Sort,Random,640,25.848599999999777
Hybrid Sort,Random,640,30.3558000000006
Hybrid Sort,Random,645,14.429700000000878
Hybrid Sort,Random,645,29.77749999999979
Hybrid Sort,Random,650,35.310500000001355
Hybrid Sort,Random,650,11.418700000000115
Hybrid Sort,Random,655,36.66289999999961
Hybrid Sort,Random,655,21.02009999999943
Hybrid Sort,Random,660,13.411000000001394
Hybrid Sort,Random,660,22.236499999999992
Hybrid Sort,Random,665,15.167400000001052
Hybrid Sort,Random,665,24.054899999999435
Hybrid Sort,Random,670,15.400100000000805
Hybrid Sort,Random,670,28.060500000000488
Hybrid Sort,Random,675,27.205900000000227
Hybrid Sort,Random,675,28.83049999999976
Hybrid Sort,Random,680,29.647299999998822
Hybrid Sort,Random,680,29.111600000000237
Hybrid Sort,Random,685,33.87520000000066
Hybrid Sort,Random,685,22.980099999999837
Hybrid Sort,Random,690,43.01569999999977
Hybrid Sort,Random,690,18.71620000000007
Hybrid Sort,Random,695,17.297599999999136
Hybrid Sort,Random,695,31.038900000000424
Hybrid Sort,Random,700,24.298800000000398
Hybrid Sort,Random,700,16.869600000001483
Hybrid Sort,Random,705,14.420100000000602
Hybrid Sort,Random,705,36.587300000000766
Hybrid Sort,Random,710,34.61500000000051
Hybrid Sort,Random,710,9.929999999998884
Hybrid Sort,Random,715,12.582399999999438
Hybrid Sort,Random,715,15.213199999999816
Hybrid Sort,Random,720,23.50209999999997
Hybrid Sort,Random,720,45.71050000000021
Hybrid Sort,Random,725,16.610000000000014
Hybrid Sort,Random,725,17.672500000001534
Hybrid Sort,Random,730,20.795400000000797
Hybrid Sort,Random,730,44.59569999999857
Hybrid Sort,Random,735,17.458900000001165
Hybrid Sort,Random,735,25.669699999999906
Hybrid Sort,Random,740,14.563700000000068
Hybrid Sort,Random,740,19.350199999999873
Hybrid Sort,Random,745,30.93499999999949
Hybrid Sort,Random,745,42.993700000000246
Hybrid Sort,Random,750,31.80550000000082
Hybrid Sort,Random,750,18.937400000000437
Hybrid Sort,Random,755,34.62239999999994
Hybrid Sort,Random,755,15.181999999999363
Hybrid Sort,Random,760,32.116000000000255
Hybrid Sort,Random,760,32.01419999999899
Hybrid Sort,Random,765,28.653500000000776
Hybrid Sort,Random,765,24.628500000000386
Hybrid Sort,Random,770,43.219099999999955
Hybrid Sort,Random,770,50.843699999999714
Hybrid Sort,Random,775,33.14950000000039
Hybrid Sort,Random,775,15.521500000000188
Hybrid Sort,Random,780,51.848500000000186
Hybrid Sort,Random,780,46.40999999999984
Hybrid Sort,Random,785,31.252800000000747
Hybrid Sort,Random,785,21.951099999999002
Hybrid Sort,Random,790,44.052499999999384
Hybrid Sort,Random,790,20.91979999999971
Hybrid Sort,Random,795,30.531699999999162
Hybrid Sort,Random,795,23.822599999999028
Hybrid Sort,Random,800,37.904299999999225
Hybrid Sort,Random,800,44.726400000000055
Hybrid Sort,Random,805,26.635800000001097
Hybrid Sort,Random,805,14.223000000001207
Hybrid Sort,Random,810,47.49179999999953
Hybrid Sort,Random,810,59.194999999999
Hybrid Sort,Random,815,18.48539999999943
Hybrid Sort,Random,815,44.80269999999997
Hybrid Sort,Random,820,24.335999999999913
Hybrid Sort,Random,820,36.01209999999888
Hybrid Sort,Random,825,27.267399999999498
Hybrid Sort,Random,825,14.875999999999223
Hybrid Sort,Random,830,33.87910000000005
Hybrid Sort,Random,830,33.91490000000097
Hybrid Sort,Random,835,28.222200000000086
Hybrid Sort,Random,835,16.012499999998653
Hybrid Sort,Random,840,24.40889999999918
Hybrid Sort,Random,840,49.98159999999885
Hybrid Sort,Random,845,22.850899999999896
Hybrid Sort,Random,845,24.965699999999202
Hybrid Sort,Random,850,36.73190000000126
Hybrid Sort,Random,850,22.569900000000587
Hybrid Sort,Random,855,28.132700000000455
Hybrid Sort,Random,855,15.095099999999917
Hybrid Sort,Random,860,19.303700000000035
Hybrid Sort,Random,860,22.494899999999873
Hybrid Sort,Random,865,32.523600000001096
Hybrid Sort,Random,865,42.60739999999963
Hybrid Sort,Random,870,36.61989999999982
Hybrid Sort,Random,870,61.13210000000002
Hybrid Sort,Random,875,16.58280000000012
Hybrid Sort,Random,875,49.1072999999993
Hybrid Sort,Random,880,43.43910000000051
Hybrid Sort,Random,880,29.40689999999968
Hybrid Sort,Random,885,27.95260000000077
Hybrid Sort,Random,885,19.343700000000297
Hybrid Sort,Random,890,49.432100000000645
Hybrid Sort,Random,890,28.529900000000552
Hybrid Sort,Random,895,63.16769999999927
Hybrid Sort,Random,895,64.87830000000017
Hybrid Sort,Random,900,63.18979999999996
Hybrid Sort,Random,900,45.80059999999975
Hybrid Sort,Random,905,43.01610000000089
Hybrid Sort,Random,905,64.20199999999987
Hybrid Sort,Random,910,42.69479999999959
Hybrid Sort,Random,910,45.71729999999974
Hybrid Sort,Random,915,61.49050000000145
Hybrid Sort,Random,915,41.48110000000038
Hybrid Sort,Random,920,25.35879999999935
Hybrid Sort,Random,920,56.78170000000016
Hybrid Sort,Random,925,33.28780000000009
Hybrid Sort,Random,925,29.702300000000292
Hybrid Sort,Random,930,68.02369999999947
Hybrid Sort,Random,930,60.94569999999955
Hybrid Sort,Random,935,80.10950000000072
Hybrid Sort,Random,935,60.23580000000095
Hybrid Sort,Random,940,29.234499999999386
Hybrid Sort,Random,940,38.065299999999525
Hybrid Sort,Random,945,36.73890000000135
Hybrid Sort,Random,945,46.711800000000636
Hybrid Sort,Random,950,42.77920000000002
Hybrid Sort,Random,950,77.40590000000047
Hybrid Sort,Random,955,54.855400000001
Hybrid Sort,Random,955,59.33339999999987
Hybrid Sort,Random,960,40.16340000000085
Hybrid Sort,Random,960,83.15059999999974
Hybrid Sort,Random,965,42.922799999999484
Hybrid Sort,Random,965,70.05589999999984
Hybrid Sort,Random,970,28.373000000000204
Hybrid Sort,Random,970,19.159600000000054
Hybrid Sort,Random,975,25.416700000000958
Hybrid Sort,Random,975,33.14610000000151
Hybrid Sort,Random,980,49.98040000000081
Hybrid Sort,Random,980,51.830600000000615
Hybrid Sort,Random,985,36.2600000000004
Hybrid Sort,Random,985,25.00199999999886
Hybrid Sort,Random,990,74.20399999999994
Hybrid Sort,Random,990,61.687900000000795
Hybrid Sort,Random,995,42.07509999999992
Hybrid Sort,Random,995,73.1472999999987
Hybrid Sort,Random,1000,28.210200000000185
Hybrid Sort,Random,1000,78.28969999999913
Hybrid Sort,Random,1005,25.806000000001106
Hybrid Sort,Random,1005,36.446699999999055
Hybrid Sort,Random,1010,51.50469999999885
Hybrid Sort,Random,1010,88.66779999999963
Hybrid Sort,Random,1015,48.399599999999765
Hybrid Sort,Random,1015,52.70020000000031
Hybrid Sort,Random,1020,24.315500000000156
Hybrid Sort,Random,1020,60.549099999999356
Hybrid Sort,Random,1025,51.98829999999788
Hybrid Sort,Random,1025,87.24120000000113
Hybrid Sort,Random,1030,26.959200000000294
Hybrid Sort,Random,1030,61.62169999999989
Hybrid Sort,Random,1035,88.06939999999841
Hybrid Sort,Random,1035,58.152199999998544
Hybrid Sort,Random,1040,54.135399999999834
Hybrid Sort,Random,1040,93.32720000000094
Hybrid Sort,Random,1045,25.07359999999892
Hybrid Sort,Random,1045,25.85369999999898
Hybrid Sort,Random,1050,36.11009999999837
Hybrid Sort,Random,1050,41.60830000000004
Hybrid Sort,Random,1055,99.89759999999848
Hybrid Sort,Random,1055,56.73889999999915
Hybrid Sort,Random,1060,47.99009999999981
Hybrid Sort,Random,1060,80.88490000000093
Hybrid Sort,Random,1065,27.737899999998206
Hybrid Sort,Random,1065,64.6419999999992
Hybrid Sort,Random,1070,38.40770000000049
Hybrid Sort,Random,1070,35.84150000000008
Hybrid Sort,Random,1075,47.70949999999985
Hybrid Sort,Random,1075,98.45289999999807
Hybrid Sort,Random,1080,46.65070000000071
Hybrid Sort,Random,1080,56.93370000000186
Hybrid Sort,Random,1085,43.104899999999446
Hybrid Sort,Random,1085,22.741599999999806
Hybrid Sort,Random,1090,85.90129999999974
Hybrid Sort,Random,1090,100.47550000000172
Hybrid Sort,Random,1095,61.29219999999691
Hybrid Sort,Random,1095,53.128599999997306
Hybrid Sort,Random,1100,56.34459999999919
Hybrid Sort,Random,1100,41.15900000000039
Hybrid Sort,Random,1105,83.06859999999716
Hybrid Sort,Random,1105,45.02199999999945
Hybrid Sort,Random,1110,100.10520000000156
Hybrid Sort,Random,1110,54.378100000000984
Hybrid Sort,Random,1115,43.21249999999921
Hybrid Sort,Random,1115,97.57979999999833
Hybrid Sort,Random,1120,38.97779999999784
Hybrid Sort,Random,1120,69.88259999999968
Hybrid Sort,Random,1125,109.18890000000303
Hybrid Sort,Random,1125,57.06080000000213
Hybrid Sort,Random,1130,41.11860000000078
Hybrid Sort,Random,1130,58.900399999998854
Hybrid Sort,Random,1135,46.23190000000221
Hybrid Sort,Random,1135,34.094400000000746
Hybrid Sort,Random,1140,51.9190000000016
Hybrid Sort,Random,1140,50.92970000000108
Hybrid Sort,Random,1145,65.84310000000215
Hybrid Sort,Random,1145,104.35640000000035
Hybrid Sort,Random,1150,59.09720000000007
Hybrid Sort,Random,1150,87.2263999999987
Hybrid Sort,Random,1155,65.37140000000008
Hybrid Sort,Random,1155,34.52949999999788
Hybrid Sort,Random,1160,74.39139999999966
Hybrid Sort,Random,1160,126.90330000000216
Hybrid Sort,Random,1165,63.70409999999893
Hybrid Sort,Random,1165,101.07130000000097
Hybrid Sort,Random,1170,68.71340000000004
Hybrid Sort,Random,1170,98.89009999999843
Hybrid Sort,Random,1175,55.125400000001434
Hybrid Sort,Random,1175,56.205999999999534
Hybrid Sort,Random,1180,111.02029999999985
Hybrid Sort,Random,1180,51.729999999999166
Hybrid Sort,Random,1185,77.20620000000267
Hybrid Sort,Random,1185,96.47279999999725
Hybrid Sort,Random,1190,63.457299999999606
Hybrid Sort,Random,1190,73.24380000000019
Hybrid Sort,Random,1195,72.56439999999742
Hybrid Sort,Random,1195,42.132999999999754
Hybrid Sort,Random,1200,41.671699999998424
Hybrid Sort,Random,1200,105.65020000000303
Hybrid Sort,Random,1205,94.81850000000236
Hybrid Sort,Random,1205,96.70749999999728
Hybrid Sort,Random,1210,81.40579999999886
Hybrid Sort,Random,1210,157.62740000000264
Hybrid Sort,Random,1215,57.7399000000014
Hybrid Sort,Random,1215,46.92359999999951
Hybrid Sort,Random,1220,35.1990000000022
Hybrid Sort,Random,1220,109.34980000000039
Hybrid Sort,Random,1225,59.64999999999776
Hybrid Sort,Random,1225,76.31370000000004
Hybrid Sort,Random,1230,85.81350000000043
Hybrid Sort,Random,1230,36.76180000000073
Hybrid Sort,Random,1235,56.53580000000247
Hybrid Sort,Random,1235,94.2027000000003
Hybrid Sort,Random,1240,44.478200000000356
Hybrid Sort,Random,1240,115.25620000000103
Hybrid Sort,Random,1245,119.43349999999953
Hybrid Sort,Random,1245,42.476900000000484
Hybrid Sort,Random,1250,53.975100000002385
Hybrid Sort,Random,1250,100.15999999999892
Hybrid Sort,Random,1255,41.11499999999779
Hybrid Sort,Random,1255,64.90769999999912
Hybrid Sort,Random,1260,107.25120000000032
Hybrid Sort,Random,1260,89.77140000000006
Hybrid Sort,Random,1265,114.25720000000084
Hybrid Sort,Random,1265,83.16870000000165
Hybrid Sort,Random,1270,47.31659999999849
Hybrid Sort,Random,1270,56.47640000000109
Hybrid Sort,Random,1275,66.95430000000258
Hybrid Sort,Random,1275,39.99779999999831
Hybrid Sort,Random,1280,53.53330000000156
Hybrid Sort,Random,1280,116.09800000000092
Hybrid Sort,Random,1285,53.255400000001174
Hybrid Sort,Random,1285,53.00120000000064
Hybrid Sort,Random,1290,85.52279999999968
Hybrid Sort,Random,1290,60.732599999997916
Hybrid Sort,Random,1295,147.25370000000026
Hybrid Sort,Random,1295,60.24589999999819
Hybrid Sort,Random,1300,72.486099999999
Hybrid Sort,Random,1300,145.69279999999907
Hybrid Sort,Random,1305,48.218599999998446
Hybrid Sort,Random,1305,138.13679999999806
Hybrid Sort,Random,1310,61.06980000000206
Hybrid Sort,Random,1310,49.44919999999797
Hybrid Sort,Random,1315,46.06689999999958
Hybrid Sort,Random,1315,55.09350000000168
Hybrid Sort,Random,1320,68.67790000000085
Hybrid Sort,Random,1320,61.21530000000064
Hybrid Sort,Random,1325,40.66699999999912
Hybrid Sort,Random,1325,55.67660000000174
Hybrid Sort,Random,1330,40.023800000000165
Hybrid Sort,Random,1330,122.6877999999978
Hybrid Sort,Random,1335,78.51989999999986
Hybrid Sort,Random,1335,41.54309999999839
Hybrid Sort,Random,1340,49.54479999999961
Hybrid Sort,Random,1340,79.03080000000173
Hybrid Sort,Random,1345,89.64620000000068
Hybrid Sort,Random,1345,132.99960000000155
Hybrid Sort,Random,1350,56.291900000001505
Hybrid Sort,Random,1350,118.17989999999767
Hybrid Sort,Random,1355,68.10630000000018
Hybrid Sort,Random,1355,54.661899999999264
Hybrid Sort,Random,1360,82.2613999999966
Hybrid Sort,Random,1360,122.9551000000022
Hybrid Sort,Random,1365,110.59930000000051
Hybrid Sort,Random,1365,95.99649999999826
Hybrid Sort,Random,1370,128.28620000000157
Hybrid Sort,Random,1370,64.45250000000158
Hybrid Sort,Random,1375,104.6391999999976
Hybrid Sort,Random,1375,72.12820000000164
Hybrid Sort,Random,1380,51.686199999998905
Hybrid Sort,Random,1380,47.367999999998744
Hybrid Sort,Random,1385,43.4398999999992
Hybrid Sort,Random,1385,161.79480000000268
Hybrid Sort,Random,1390,138.7999999999998
Hybrid Sort,Random,1390,55.528199999997696
Hybrid Sort,Random,1395,42.06389999999871
Hybrid Sort,Random,1395,53.87590000000131
Hybrid Sort,Random,1400,58.23639999999841
Hybrid Sort,Random,1400,69.06700000000043
Hybrid Sort,Random,1405,66.32320000000291
Hybrid Sort,Random,1405,161.95450000000022
Hybrid Sort,Random,1410,129.44410000000062
Hybrid Sort,Random,1410,89.09419999999812
Hybrid Sort,Random,1415,59.907299999999
Hybrid Sort,Random,1415,66.25619999999799
Hybrid Sort,Random,1420,182.68349999999955
Hybrid Sort,Random,1420,90.67260000000132
Hybrid Sort,Random,1425,141.7223000000014
Hybrid Sort,Random,1425,78.35740000000158
Hybrid Sort,Random,1430,113.9398000000007
Hybrid Sort,Random,1430,139.62530000000228
Hybrid Sort,Random,1435,74.49399999999784
Hybrid Sort,Random,1435,72.4462999999993
Hybrid Sort,Random,1440,129.12019999999913
Hybrid Sort,Random,1440,182.15310000000073
Hybrid Sort,Random,1445,65.36589999999975
Hybrid Sort,Random,1445,68.2980999999998
Hybrid Sort,Random,1450,81.67080000000126
Hybrid Sort,Random,1450,115.1687999999993
Hybrid Sort,Random,1455,154.3902999999993
Hybrid Sort,Random,1455,174.8100000000008
Hybrid Sort,Random,1460,93.21800000000025
Hybrid Sort,Random,1460,92.76630000000097
Hybrid Sort,Random,1465,76.31280000000018
Hybrid Sort,Random,1465,169.12390000000244
Hybrid Sort,Random,1470,89.03820000000096
Hybrid Sort,Random,1470,82.26319999999987
Hybrid Sort,Random,1475,164.6599999999978
Hybrid Sort,Random,1475,56.28540000000015
Hybrid Sort,Random,1480,76.85319999999862
Hybrid Sort,Random,1480,124.00810000000106
Hybrid Sort,Random,1485,102.4345000000011
Hybrid Sort,Random,1485,135.7767999999986
Hybrid Sort,Random,1490,163.97379999999728
Hybrid Sort,Random,1490,98.71279999999771
Hybrid Sort,Random,1495,187.18179999999762
Hybrid Sort,Random,1495,183.5013000000032
Hybrid Sort,Random,1500,75.9169999999969
Hybrid Sort,Random,1500,138.57379999999608
Hybrid Sort,Random,1505,91.67329999999652
Hybrid Sort,Random,1505,64.53439999999944
Hybrid Sort,Random,1510,45.821300000000065
Hybrid Sort,Random,1510,45.30830000000208
Hybrid Sort,Random,1515,109.4446999999974
Hybrid Sort,Random,1515,128.6595000000048
Hybrid Sort,Random,1520,130.98870000000318
Hybrid Sort,Random,1520,146.53609999999873
Hybrid Sort,Random,1525,125.8821999999995
Hybrid Sort,Random,1525,196.51119999999622
Hybrid Sort,Random,1530,103.38679999999556
Hybrid Sort,Random,1530,96.13339999999937
Hybrid Sort,Random,1535,173.23189999999755
Hybrid Sort,Random,1535,174.52819999999747
Hybrid Sort,Random,1540,86.29030000000171
Hybrid Sort,Random,1540,107.54140000000234
Hybrid Sort,Random,1545,77.2359999999992
Hybrid Sort,Random,1545,109.32220000000115
Hybrid Sort,Random,1550,148.69980000000282
Hybrid Sort,Random,1550,134.92779999999982
Hybrid Sort,Random,1555,101.92589999999768
Hybrid Sort,Random,1555,72.08050000000554
Hybrid Sort,Random,1560,198.5545000000002
Hybrid Sort,Random,1560,71.40729999999706
Hybrid Sort,Random,1565,217.2915999999958
Hybrid Sort,Random,1565,215.46450000000306
Hybrid Sort,Random,1570,159.57850000000207
Hybrid Sort,Random,1570,117.96340000000072
Hybrid Sort,Random,1575,60.72539999999549
Hybrid Sort,Random,1575,140.2169999999998
Hybrid Sort,Random,1580,130.31540000000064
Hybrid Sort,Random,1580,133.0603000000039
Hybrid Sort,Random,1585,189.60909999999842
Hybrid Sort,Random,1585,110.83819999999633
Hybrid Sort,Random,1590,97.28290000000328
Hybrid Sort,Random,1590,59.401100000002316
Hybrid Sort,Random,1595,121.57680000000681
Hybrid Sort,Random,1595,111.69439999999753
Hybrid Sort,Random,1600,214.03039999999862
Hybrid Sort,Random,1600,102.87830000000042
Hybrid Sort,Random,1605,90.06980000000198
Hybrid Sort,Random,1605,201.5011999999956
Hybrid Sort,Random,1610,80.63569999999487
Hybrid Sort,Random,1610,183.58980000000003
Hybrid Sort,Random,1615,142.43229999999585
Hybrid Sort,Random,1615,74.13820000000015
Hybrid Sort,Random,1620,76.03910000000269
Hybrid Sort,Random,1620,110.19830000000042
Hybrid Sort,Random,1625,84.63160000000158
Hybrid Sort,Random,1625,105.86349999999811
Hybrid Sort,Random,1630,149.59280000000064
Hybrid Sort,Random,1630,118.22869999999597
Hybrid Sort,Random,1635,80.51780000000264
Hybrid Sort,Random,1635,75.60279999999864
Hybrid Sort,Random,1640,99.85839999999513
Hybrid Sort,Random,1640,135.5801999999997
Hybrid Sort,Random,1645,64.62269999999393
Hybrid Sort,Random,1645,126.75260000000321
Hybrid Sort,Random,1650,213.5800999999944
Hybrid Sort,Random,1650,146.26470000000324
Hybrid Sort,Random,1655,171.96429999999907
Hybrid Sort,Random,1655,133.22840000000014
Hybrid Sort,Random,1660,241.9027999999983
Hybrid Sort,Random,1660,120.57099999999821
Hybrid Sort,Random,1665,90.44810000000325
Hybrid Sort,Random,1665,106.8491999999992
Hybrid Sort,Random,1670,66.01249999999936
Hybrid Sort,Random,1670,141.12300000000033
Hybrid Sort,Random,1675,259.225899999997
Hybrid Sort,Random,1675,86.68800000000232
Hybrid Sort,Random,1680,100.08330000000143
Hybrid Sort,Random,1680,119.67630000000185
Hybrid Sort,Random,1685,115.96970000000084
Hybrid Sort,Random,1685,129.38949999999494
Hybrid Sort,Random,1690,130.86340000000263
Hybrid Sort,Random,1690,106.10259999999982
Hybrid Sort,Random,1695,204.93969999999706
Hybrid Sort,Random,1695,138.35109999999418
Hybrid Sort,Random,1700,147.38499999999988
Hybrid Sort,Random,1700,131.58930000000169
Hybrid Sort,Random,1705,159.7791000000015
Hybrid Sort,Random,1705,211.27690000000143
Hybrid Sort,Random,1710,84.06709999999862
Hybrid Sort,Random,1710,74.92590000000376
Hybrid Sort,Random,1715,131.855299999998
Hybrid Sort,Random,1715,273.3356000000029
Hybrid Sort,Random,1720,114.27959999999615
Hybrid Sort,Random,1720,224.3384000000006
Hybrid Sort,Random,1725,94.94679999999533
Hybrid Sort,Random,1725,60.435400000002915
Hybrid Sort,Random,1730,186.26970000000398
Hybrid Sort,Random,1730,222.12839999999545
Hybrid Sort,Random,1735,117.71530000000041
Hybrid Sort,Random,1735,76.88830000000024
Hybrid Sort,Random,1740,265.1590999999982
Hybrid Sort,Random,1740,74.76419999999706
Hybrid Sort,Random,1745,174.32669999999462
Hybrid Sort,Random,1745,146.3285999999968
Hybrid Sort,Random,1750,98.7821000000011
Hybrid Sort,Random,1750,245.62470000000047
Hybrid Sort,Random,1755,96.6062999999977
Hybrid Sort,Random,1755,130.25239999999627
Hybrid Sort,Random,1760,108.89879999999863
Hybrid Sort,Random,1760,122.5752
Hybrid Sort,Random,1765,203.05349999999578
Hybrid Sort,Random,1765,86.10110000000049
Hybrid Sort,Random,1770,229.983500000003
Hybrid Sort,Random,1770,271.08259999999973
Hybrid Sort,Random,1775,178.98600000000187
Hybrid Sort,Random,1775,67.28290000000214
Hybrid Sort,Random,1780,237.8016000000045
Hybrid Sort,Random,1780,156.09770000000367
Hybrid Sort,Random,1785,120.19300000000044
Hybrid Sort,Random,1785,92.1763999999996
Hybrid Sort,Random,1790,126.22850000000341
Hybrid Sort,Random,1790,230.68560000000105
Hybrid Sort,Random,1795,124.08440000000098
Hybrid Sort,Random,1795,235.5137000000056
Hybrid Sort,Random,1800,241.44300000000385
Hybrid Sort,Random,1800,84.00989999999808
Hybrid Sort,Random,1805,98.18769999999688
Hybrid Sort,Random,1805,174.60230000000365
Hybrid Sort,Random,1810,191.72340000000077
Hybrid Sort,Random,1810,194.99449999999996
Hybrid Sort,Random,1815,138.08069999999617
Hybrid Sort,Random,1815,100.40830000000511
Hybrid Sort,Random,1820,132.1715999999995
Hybrid Sort,Random,1820,81.59839999999718
Hybrid Sort,Random,1825,84.76310000000353
Hybrid Sort,Random,1825,199.09119999999803
Hybrid Sort,Random,1830,85.1089000000016
Hybrid Sort,Random,1830,97.92709999999971
Hybrid Sort,Random,1835,267.0419000000024
Hybrid Sort,Random,1835,179.70340000000107
Hybrid Sort,Random,1840,83.50289999999916
Hybrid Sort,Random,1840,296.6071000000028
Hybrid Sort,Random,1845,148.3051999999958
Hybrid Sort,Random,1845,153.20899999999682
Hybrid Sort,Random,1850,100.48280000000176
Hybrid Sort,Random,1850,87.39350000000456
Hybrid Sort,Random,1855,165.82730000000367
Hybrid Sort,Random,1855,198.6477000000022
Hybrid Sort,Random,1860,84.66380000000129
Hybrid Sort,Random,1860,169.3269000000015
Hybrid Sort,Random,1865,174.52060000000102
Hybrid Sort,Random,1865,175.0874999999965
Hybrid Sort,Random,1870,140.2783999999997
Hybrid Sort,Random,1870,110.00539999999859
Hybrid Sort,Random,1875,90.10359999999906
Hybrid Sort,Random,1875,102.2000000000034
Hybrid Sort,Random,1880,158.956400000001
Hybrid Sort,Random,1880,105.29120000000347
Hybrid Sort,Random,1885,128.83710000000548
Hybrid Sort,Random,1885,182.25040000000092
Hybrid Sort,Random,1890,170.20490000000166
Hybrid Sort,Random,1890,93.69499999999675
Hybrid Sort,Random,1895,303.06389999999794
Hybrid Sort,Random,1895,150.91259999999806
Hybrid Sort,Random,1900,252.42490000000117
Hybrid Sort,Random,1900,230.86699999999638
Hybrid Sort,Random,1905,203.91539999999964
Hybrid Sort,Random,1905,90.51220000000626
Hybrid Sort,Random,1910,146.44679999999966
Hybrid Sort,Random,1910,204.9621999999971
Hybrid Sort,Random,1915,171.64840000000225
Hybrid Sort,Random,1915,186.849500000001
Hybrid Sort,Random,1920,237.82550000000668
Hybrid Sort,Random,1920,115.29900000000026
Hybrid Sort,Random,1925,219.8028999999977
Hybrid Sort,Random,1925,174.73169999999527
Hybrid Sort,Random,1930,246.71479999999946
Hybrid Sort,Random,1930,112.85059999999447
Hybrid Sort,Random,1935,215.81120000000453
Hybrid Sort,Random,1935,178.1787000000037
Hybrid Sort,Random,1940,236.3293000000013
Hybrid Sort,Random,1940,212.4284000000003
Hybrid Sort,Random,1945,100.23730000000342
Hybrid Sort,Random,1945,165.12769999999932
Hybrid Sort,Random,1950,180.27909999999991
Hybrid Sort,Random,1950,274.3139000000028
Hybrid Sort,Random,1955,211.38359999999778
Hybrid Sort,Random,1955,212.8274000000019
Hybrid Sort,Random,1960,293.75830000000036
Hybrid Sort,Random,1960,224.907800000004
Hybrid Sort,Random,1965,202.42909999999625
Hybrid Sort,Random,1965,195.5461000000014
Hybrid Sort,Random,1970,140.51089999999533
Hybrid Sort,Random,1970,115.39290000000335
Hybrid Sort,Random,1975,109.08029999999513
Hybrid Sort,Random,1975,232.01579999999922
Hybrid Sort,Random,1980,172.15019999999726
Hybrid Sort,Random,1980,124.93559999999349
Hybrid Sort,Random,1985,187.64329999999774
Hybrid Sort,Random,1985,115.22220000000516
Hybrid Sort,Random,1990,275.7182
Hybrid Sort,Random,1990,118.63800000000424
Hybrid Sort,Random,1995,107.40629999999385
Hybrid Sort,Random,1995,177.13150000000155
Hybrid Sort,Random,2000,283.2380000000043
Hybrid Sort,Random,2000,167.0328000000012
Hybrid Sort,Random,2005,77.67170000000334
Hybrid Sort,Random,2005,158.58200000000267
Hybrid Sort,Random,2010,189.77480000000213
Hybrid Sort,Random,2010,209.23890000000256
Hybrid Sort,Random,2015,152.4290999999991
Hybrid Sort,Random,2015,163.22110000000833
Hybrid Sort,Random,2020,224.7368000000023
Hybrid Sort,Random,2020,87.36509999999953
Hybrid Sort,Random,2025,202.78219999998726
Hybrid Sort,Random,2025,89.6624000000088
Hybrid Sort,Random,2030,206.72530000000222
Hybrid Sort,Random,2030,145.46199999999487
Hybrid Sort,Random,2035,189.73839999999598
Hybrid Sort,Random,2035,110.75620000001152
Hybrid Sort,Random,2040,131.04490000000624
Hybrid Sort,Random,2040,158.35510000000852
Hybrid Sort,Random,2045,268.54380000000333
Hybrid Sort,Random,2045,260.1372999999967
Hybrid Sort,Random,2050,291.5279000000055
Hybrid Sort,Random,2050,120.7066999999995
Hybrid Sort,Random,2055,139.00839999999448
Hybrid Sort,Random,2055,329.4494999999955
Hybrid Sort,Random,2060,196.26590000000022
Hybrid Sort,Random,2060,199.27090000000192
Hybrid Sort,Random,2065,262.6841000000013
Hybrid Sort,Random,2065,170.20159999999862
Hybrid Sort,Random,2070,210.32859999999687
Hybrid Sort,Random,2070,113.84879999999953
Hybrid Sort,Random,2075,123.66550000000132
Hybrid Sort,Random,2075,358.4747999999962
Hybrid Sort,Random,2080,169.61209999999483
Hybrid Sort,Random,2080,168.48659999999427
Hybrid Sort,Random,2085,249.2897000000056
Hybrid Sort,Random,2085,179.11000000000854
Hybrid Sort,Random,2090,303.2226999999921
Hybrid Sort,Random,2090,283.5677000000061
Hybrid Sort,Random,2095,148.9424000000099
Hybrid Sort,Random,2095,158.01310000000512
Hybrid Sort,Random,2100,230.97049999999797
Hybrid Sort,Random,2100,363.2430000000113
Hybrid Sort,Random,2105,180.54700000000423
Hybrid Sort,Random,2105,136.2975999999918
Hybrid Sort,Random,2110,188.3942999999988
Hybrid Sort,Random,2110,126.9994999999966
Hybrid Sort,Random,2115,218.13999999999112
Hybrid Sort,Random,2115,366.624299999998
Hybrid Sort,Random,2120,229.132000000007
Hybrid Sort,Random,2120,188.9469000000048
Hybrid Sort,Random,2125,211.8983999999955
Hybrid Sort,Random,2125,210.73979999999892
