QuickSort,Random,5,7.5999999999964984e-06
QuickSort,Random,5,4.5999999995771645e-06
QuickSort,Random,10,1.4999999999432134e-05
QuickSort,Random,10,9.300000000322939e-06
QuickSort,Random,15,1.5099999999712566e-05
QuickSort,Random,15,9.799999999948739e-06
QuickSort,Random,20,1.929999999994436e-05
QuickSort,Random,20,1.4199999999853219e-05
QuickSort,Random,25,2.360000000045659e-05
QuickSort,Random,25,2.1699999999569286e-05
QuickSort,Random,30,2.7900000000080638e-05
QuickSort,Random,30,2.1199999999943486e-05
QuickSort,Random,35,3.2599999999938234e-05
QuickSort,Random,35,2.9800000000079763e-05
QuickSort,Random,40,5.3000000000302805e-05
QuickSort,Random,40,3.3800000000638875e-05
QuickSort,Random,45,3.940000000035582e-05
QuickSort,Random,45,3.3300000000124896e-05
QuickSort,Random,50,4.5199999999745444e-05
QuickSort,Random,50,4.400000000082116e-05
QuickSort,Random,55,5.930000000020641e-05
QuickSort,Random,55,5.599999999983396e-05
QuickSort,Random,60,5.400000000044258e-05
QuickSort,Random,60,5.210000000044346e-05
QuickSort,Random,65,5.81999999997862e-05
QuickSort,Random,65,5.5099999999974614e-05
QuickSort,Random,70,5.940000000048684e-05
QuickSort,Random,70,5.820000000067438e-05
QuickSort,Random,75,6.659999999936161e-05
QuickSort,Random,75,6.730000000043646e-05
QuickSort,Random,80,0.00011500000000008725
QuickSort,Random,80,7.58000000002923e-05
QuickSort,Random,85,8.81000000001464e-05
QuickSort,Random,85,9.580000000042332e-05
QuickSort,Random,90,8.950000000051972e-05
QuickSort,Random,90,7.619999999963767e-05
QuickSort,Random,95,8.989999999986509e-05
QuickSort,Random,95,8.750000000024016e-05
QuickSort,Random,100,8.68000000000535e-05
QuickSort,Random,100,8.549999999996061e-05
QuickSort,Random,105,0.00010859999999990322
QuickSort,Random,105,9.329999999962979e-05
QuickSort,Random,110,0.0001020000000000465
QuickSort,Random,110,0.00010360000000009251
QuickSort,Random,115,0.00010400000000032605
QuickSort,Random,115,0.0001105999999992946
QuickSort,Random,120,0.00011600000000022703
QuickSort,Random,120,0.00010270000000023316
QuickSort,Random,125,0.00011939999999999173
QuickSort,Random,125,0.00012080000000036506
QuickSort,Random,130,0.00012089999999975731
QuickSort,Random,130,0.00012870000000031467
QuickSort,Random,135,0.0001286999999994265
QuickSort,Random,135,0.00013150000000017315
QuickSort,Random,140,0.00012279999999975644
QuickSort,Random,140,0.00013799999999974943
QuickSort,Random,145,0.0001411000000004492
QuickSort,Random,145,0.00013790000000035718
QuickSort,Random,150,0.00014249999999993435
QuickSort,Random,150,0.0001310999999999396
QuickSort,Random,155,0.00015069999999983708
QuickSort,Random,155,0.00017889999999987083
QuickSort,Random,160,0.0001508000000001175
QuickSort,Random,160,0.00017560000000038656
QuickSort,Random,165,0.00015480000000067662
QuickSort,Random,165,0.00020089999999939323
QuickSort,Random,170,0.0001655000000004847
QuickSort,Random,170,0.00017479999999991946
QuickSort,Random,175,0.00016960000000043607
QuickSort,Random,175,0.00016820000000006274
QuickSort,Random,180,0.00017789999999973105
QuickSort,Random,180,0.0002015999999995799
QuickSort,Random,185,0.00020440000000032654
QuickSort,Random,185,0.00020959999999980994
QuickSort,Random,190,0.00018119999999921532
QuickSort,Random,190,0.000190400000000146
QuickSort,Random,195,0.0002199999999996649
QuickSort,Random,195,0.00018649999999986733
QuickSort,Random,200,0.00023429999999979856
QuickSort,Random,200,0.00023759999999928283
QuickSort,Random,205,0.00020750000000013813
QuickSort,Random,205,0.00020489999999995234
QuickSort,Random,210,0.0002148000000001815
QuickSort,Random,210,0.0002048000000005601
QuickSort,Random,215,0.0002329000000003134
QuickSort,Random,215,0.00022310000000036467
QuickSort,Random,220,0.0002148000000001815
QuickSort,Random,220,0.00024659999999965265
QuickSort,Random,225,0.0002141999999993871
QuickSort,Random,225,0.00022220000000050533
QuickSort,Random,230,0.0003017999999999077
QuickSort,Random,230,0.00021299999999957464
QuickSort,Random,235,0.0002369999999993766
QuickSort,Random,235,0.00024269999999937397
QuickSort,Random,240,0.00022900000000003473
QuickSort,Random,240,0.00022780000000022227
QuickSort,Random,245,0.0002649000000003454
QuickSort,Random,245,0.00029150000000033316
QuickSort,Random,250,0.00026230000000015963
QuickSort,Random,250,0.00024089999999965528
QuickSort,Random,255,0.0002817000000003844
QuickSort,Random,255,0.0003201999999999927
QuickSort,Random,260,0.0002857999999994476
QuickSort,Random,260,0.00026159999999997297
QuickSort,Random,265,0.0002841999999994016
QuickSort,Random,265,0.00025449999999960227
QuickSort,Random,270,0.00027620000000005973
QuickSort,Random,270,0.0003037999999992991
QuickSort,Random,275,0.00028779999999972716
QuickSort,Random,275,0.0002845000000002429
QuickSort,Random,280,0.0002823999999996829
QuickSort,Random,280,0.00030999999999981043
QuickSort,Random,285,0.0003113000000007915
QuickSort,Random,285,0.0003236000000006456
QuickSort,Random,290,0.00031029999999976354
QuickSort,Random,290,0.00036890000000067147
QuickSort,Random,295,0.0003245999999998972
QuickSort,Random,295,0.0003112999999999033
QuickSort,Random,300,0.00031980000000064734
QuickSort,Random,300,0.0003070999999996715
QuickSort,Random,305,0.00032289999999957075
QuickSort,Random,305,0.0003484999999994187
QuickSort,Random,310,0.00036819999999959663
QuickSort,Random,310,0.00035100000000021225
QuickSort,Random,315,0.00032350000000036516
QuickSort,Random,315,0.00036269999999927194
QuickSort,Random,320,0.0003716000000002495
QuickSort,Random,320,0.00036940000000029727
QuickSort,Random,325,0.0003459000000001211
QuickSort,Random,325,0.000360299999999647
QuickSort,Random,330,0.0003668000000001115
QuickSort,Random,330,0.0003545000000002574
QuickSort,Random,335,0.0003695000000005777
QuickSort,Random,335,0.0003561000000003034
QuickSort,Random,340,0.0003790000000005733
QuickSort,Random,340,0.0003723999999998284
QuickSort,Random,345,0.0003964999999999108
QuickSort,Random,345,0.0003801999999994976
QuickSort,Random,350,0.00042179999999980566
QuickSort,Random,350,0.00040080000000042304
QuickSort,Random,355,0.00039530000000009835
QuickSort,Random,355,0.000421099999999619
QuickSort,Random,360,0.00037170000000052994
QuickSort,Random,360,0.0003884000000002885
QuickSort,Random,365,0.000393899999999725
QuickSort,Random,365,0.0004183999999991528
QuickSort,Random,370,0.00048709999999996256
QuickSort,Random,370,0.00042019999999975965
QuickSort,Random,375,0.0004115999999996234
QuickSort,Random,375,0.00040239999999958087
QuickSort,Random,380,0.00044399999999988893
QuickSort,Random,380,0.00042989999999942796
QuickSort,Random,385,0.00042909999999984905
QuickSort,Random,385,0.0004249999999998977
QuickSort,Random,390,0.00041660000000032227
QuickSort,Random,390,0.00047949999999996606
QuickSort,Random,395,0.0004806000000003863
QuickSort,Random,395,0.00046160000000039503
QuickSort,Random,400,0.0004957000000000988
QuickSort,Random,400,0.0004612000000001615
QuickSort,Random,405,0.0005043000000002351
QuickSort,Random,405,0.00047189999999996957
QuickSort,Random,410,0.0004973999999995371
QuickSort,Random,410,0.00047130000000006333
QuickSort,Random,415,0.0005252999999996177
QuickSort,Random,415,0.0005268999999996637
QuickSort,Random,420,0.0004849000000000103
QuickSort,Random,420,0.00047789999999992006
QuickSort,Random,425,0.0004986000000002377
QuickSort,Random,425,0.0004811000000000121
QuickSort,Random,430,0.0005531000000003061
QuickSort,Random,430,0.0005027000000001891
QuickSort,Random,435,0.0005163000000001361
QuickSort,Random,435,0.0004868999999994017
QuickSort,Random,440,0.0005508000000000735
QuickSort,Random,440,0.0005310999999998955
QuickSort,Random,445,0.0005363999999996594
QuickSort,Random,445,0.000583200000000339
QuickSort,Random,450,0.0005297999999998027
QuickSort,Random,450,0.0005449000000004034
QuickSort,Random,455,0.0005473999999994206
QuickSort,Random,455,0.000545899999999655
QuickSort,Random,460,0.0005879000000001966
QuickSort,Random,460,0.0005790999999994995
QuickSort,Random,465,0.0005781000000002479
QuickSort,Random,465,0.0005868000000006646
QuickSort,Random,470,0.0005401999999996576
QuickSort,Random,470,0.0005361000000005944
QuickSort,Random,475,0.0005405999999998912
QuickSort,Random,475,0.0005703999999999709
QuickSort,Random,480,0.0006833000000003864
QuickSort,Random,480,0.0006142000000002312
QuickSort,Random,485,0.0006180000000002295
QuickSort,Random,485,0.0005889999999997286
QuickSort,Random,490,0.0005828000000001055
QuickSort,Random,490,0.0007130000000001857
QuickSort,Random,495,0.0005683000000002991
QuickSort,Random,495,0.0006177999999996686
QuickSort,Random,500,0.0005924999999997738
QuickSort,Random,500,0.0006159000000005577
QuickSort,Random,505,0.0006453999999997961
QuickSort,Random,505,0.0006303000000000836
QuickSort,Random,510,0.0006631000000005827
QuickSort,Random,510,0.000653600000000587
QuickSort,Random,515,0.0006353999999992865
QuickSort,Random,515,0.0006546000000007268
QuickSort,Random,520,0.0006807000000002006
QuickSort,Random,520,0.0006924000000001485
QuickSort,Random,525,0.0006561999999998847
QuickSort,Random,525,0.0006840999999999653
QuickSort,Random,530,0.0007003000000000981
QuickSort,Random,530,0.0008093000000002348
QuickSort,Random,535,0.0007033999999999097
QuickSort,Random,535,0.0006231000000003206
QuickSort,Random,540,0.0006878999999999635
QuickSort,Random,540,0.000668000000000113
QuickSort,Random,545,0.0006256999999996182
QuickSort,Random,545,0.0007190000000001362
QuickSort,Random,550,0.0007212000000000884
QuickSort,Random,550,0.0006910000000006633
QuickSort,Random,555,0.0006990000000000052
QuickSort,Random,555,0.0006697999999998316
QuickSort,Random,560,0.0007061000000003759
QuickSort,Random,560,0.0006854000000000582
QuickSort,Random,565,0.000738400000000361
QuickSort,Random,565,0.0007301000000001778
QuickSort,Random,570,0.0006992999999999583
QuickSort,Random,570,0.0006814000000003873
QuickSort,Random,575,0.000732000000000177
QuickSort,Random,575,0.0006893000000003369
QuickSort,Random,580,0.0007460000000003575
QuickSort,Random,580,0.0007217999999999947
QuickSort,Random,585,0.0007628999999997887
QuickSort,Random,585,0.0007502000000005893
QuickSort,Random,590,0.0008059000000004701
QuickSort,Random,590,0.0007798999999995004
QuickSort,Random,595,0.0007882000000005718
QuickSort,Random,595,0.000760000000000538
QuickSort,Random,600,0.0007532999999995127
QuickSort,Random,600,0.000709600000000421
QuickSort,Random,605,0.00074509999999961
QuickSort,Random,605,0.0007421999999994711
QuickSort,Random,610,0.0007722999999995039
QuickSort,Random,610,0.0008070000000000022
QuickSort,Random,615,0.0008246000000005083
QuickSort,Random,615,0.0008005999999998181
QuickSort,Random,620,0.0007757000000001568
QuickSort,Random,620,0.0007441999999997506
QuickSort,Random,625,0.0008531999999998874
QuickSort,Random,625,0.0007582999999993234
QuickSort,Random,630,0.0008268999999998528
QuickSort,Random,630,0.0008052999999996757
QuickSort,Random,635,0.0008287999999998519
QuickSort,Random,635,0.0008767000000000635
QuickSort,Random,640,0.0008297000000005994
QuickSort,Random,640,0.0008327000000001306
QuickSort,Random,645,0.0008451000000002651
QuickSort,Random,645,0.0008882000000003387
QuickSort,Random,650,0.0008612000000001174
QuickSort,Random,650,0.0009186000000003247
QuickSort,Random,655,0.0007826999999993589
QuickSort,Random,655,0.0008652000000006765
QuickSort,Random,660,0.0008704999999995522
QuickSort,Random,660,0.0009117000000005149
QuickSort,Random,665,0.0008419000000001731
QuickSort,Random,665,0.0009100000000001884
QuickSort,Random,670,0.0009151999999996718
QuickSort,Random,670,0.0008710999999994584
QuickSort,Random,675,0.0008615999999994628
QuickSort,Random,675,0.0008895000000004316
QuickSort,Random,680,0.0008694999999994124
QuickSort,Random,680,0.0009342000000005513
QuickSort,Random,685,0.0008992000000000999
QuickSort,Random,685,0.0008866000000002927
QuickSort,Random,690,0.0009749000000001118
QuickSort,Random,690,0.000865899999999975
QuickSort,Random,695,0.0009104999999998142
QuickSort,Random,695,0.0008163000000003251
QuickSort,Random,700,0.0010871999999997328
QuickSort,Random,700,0.001001399999999819
QuickSort,Random,705,0.0009071000000000495
QuickSort,Random,705,0.0009826000000003887
QuickSort,Random,710,0.0010172999999999988
QuickSort,Random,710,0.000977600000000578
QuickSort,Random,715,0.0009228999999999488
QuickSort,Random,715,0.0009651999999995553
QuickSort,Random,720,0.0009494000000005443
QuickSort,Random,720,0.0010827999999998283
QuickSort,Random,725,0.0009164999999997647
QuickSort,Random,725,0.0008832999999999203
QuickSort,Random,730,0.000908800000000376
QuickSort,Random,730,0.000920299999999763
QuickSort,Random,735,0.0009662000000005833
QuickSort,Random,735,0.0010145999999995325
QuickSort,Random,740,0.0009582000000003532
QuickSort,Random,740,0.0009763999999998774
QuickSort,Random,745,0.0010238000000004632
QuickSort,Random,745,0.0010004000000005675
QuickSort,Random,750,0.0010248999999999953
QuickSort,Random,750,0.000988300000000386
QuickSort,Random,755,0.0009769999999997836
QuickSort,Random,755,0.0009617000000003983
QuickSort,Random,760,0.0010053000000000978
QuickSort,Random,760,0.0010113000000000483
QuickSort,Random,765,0.001029899999999806
QuickSort,Random,765,0.0009639999999997428
QuickSort,Random,770,0.0010403000000005491
QuickSort,Random,770,0.0011355999999995703
QuickSort,Random,775,0.000996800000000242
QuickSort,Random,775,0.0010162000000004667
QuickSort,Random,780,0.0010060000000002844
QuickSort,Random,780,0.0010566000000000741
QuickSort,Random,785,0.0011031000000008007
QuickSort,Random,785,0.00100160000000038
QuickSort,Random,790,0.0010547999999994673
QuickSort,Random,790,0.0011304000000000869
QuickSort,Random,795,0.0011009999999993525
QuickSort,Random,795,0.0009838000000002012
QuickSort,Random,800,0.0010405000000002218
QuickSort,Random,800,0.0011461999999999861
QuickSort,Random,805,0.0010390000000004562
QuickSort,Random,805,0.0011510000000001241
QuickSort,Random,810,0.0012046000000003332
QuickSort,Random,810,0.0010571000000005881
QuickSort,Random,815,0.001101100000000521
QuickSort,Random,815,0.0010900000000004795
QuickSort,Random,820,0.0010728999999995992
QuickSort,Random,820,0.0011339999999995243
QuickSort,Random,825,0.0011765999999999721
QuickSort,Random,825,0.0012460000000000804
QuickSort,Random,830,0.001062700000000305
QuickSort,Random,830,0.0010775999999985686
QuickSort,Random,835,0.0011190000000009803
QuickSort,Random,835,0.0011577000000002613
QuickSort,Random,840,0.001128299999999527
QuickSort,Random,840,0.0011191999999997648
QuickSort,Random,845,0.0011457000000003603
QuickSort,Random,845,0.001116099999999065
QuickSort,Random,850,0.0012948000000001514
QuickSort,Random,850,0.0011796999999997837
QuickSort,Random,855,0.0011185999999998586
QuickSort,Random,855,0.0011637999999987159
QuickSort,Random,860,0.0011454000000004072
QuickSort,Random,860,0.001125899999999902
QuickSort,Random,865,0.001173899999999506
QuickSort,Random,865,0.0011402000000000356
QuickSort,Random,870,0.001143799999999473
QuickSort,Random,870,0.001232299999999853
QuickSort,Random,875,0.0012873999999989394
QuickSort,Random,875,0.0012015999999999138
QuickSort,Random,880,0.001086199999999593
QuickSort,Random,880,0.0011594000000005877
QuickSort,Random,885,0.0012296999999996672
QuickSort,Random,885,0.0011492999999997977
QuickSort,Random,890,0.0012159000000000475
QuickSort,Random,890,0.001160800000000961
QuickSort,Random,895,0.0011776000000001119
QuickSort,Random,895,0.001189899999999966
QuickSort,Random,900,0.0013690000000003977
QuickSort,Random,900,0.0011618000000002127
QuickSort,Random,905,0.0012088999999999572
QuickSort,Random,905,0.0012178000000009348
QuickSort,Random,910,0.0013502000000009673
QuickSort,Random,910,0.0012131000000010772
QuickSort,Random,915,0.0012799999999995038
QuickSort,Random,915,0.001175200000000487
QuickSort,Random,920,0.0013268999999986875
QuickSort,Random,920,0.0013313999999997606
QuickSort,Random,925,0.001280099999998896
QuickSort,Random,925,0.0012153999999995335
QuickSort,Random,930,0.0013022999999989793
QuickSort,Random,930,0.0011521999999999366
QuickSort,Random,935,0.0012939999999996843
QuickSort,Random,935,0.001362699999999606
QuickSort,Random,940,0.0013414999999987742
QuickSort,Random,940,0.0013012000000003354
QuickSort,Random,945,0.0012673000000003043
QuickSort,Random,945,0.0012860000000003424
QuickSort,Random,950,0.0012948000000001514
QuickSort,Random,950,0.0013242000000008858
QuickSort,Random,955,0.0013199999999997658
QuickSort,Random,955,0.0013331999999994792
QuickSort,Random,960,0.0014918000000001541
QuickSort,Random,960,0.0012764999999994586
QuickSort,Random,965,0.001341399999999382
QuickSort,Random,965,0.001478999999999786
QuickSort,Random,970,0.0013284999999996217
QuickSort,Random,970,0.0013714999999994149
QuickSort,Random,975,0.0014640999999997462
QuickSort,Random,975,0.001320299999999719
QuickSort,Random,980,0.00149019999999922
QuickSort,Random,980,0.0013576999999997952
QuickSort,Random,985,0.0013176000000001409
QuickSort,Random,985,0.00143259999999934
QuickSort,Random,990,0.0014234000000001856
QuickSort,Random,990,0.0013562000000000296
QuickSort,Random,995,0.0015327000000002755
QuickSort,Random,995,0.0012828999999996427
QuickSort,Random,1000,0.001378700000000066
QuickSort,Random,1000,0.0013041999999998666
QuickSort,Random,1005,0.0013058000000008008
QuickSort,Random,1005,0.0015781999999990859
QuickSort,Random,1010,0.0014777999999999736
QuickSort,Random,1010,0.001414999999999722
QuickSort,Random,1015,0.0013883999999997343
QuickSort,Random,1015,0.001507200000000708
QuickSort,Random,1020,0.001398999999999262
QuickSort,Random,1020,0.0014506000000000796
QuickSort,Random,1025,0.001446400000000736
QuickSort,Random,1025,0.0015067999999995862
QuickSort,Random,1030,0.0015890999999985667
QuickSort,Random,1030,0.0013438000000007833
QuickSort,Random,1035,0.0014661000000000257
QuickSort,Random,1035,0.0014295999999998088
QuickSort,Random,1040,0.0015221000000007479
QuickSort,Random,1040,0.0016275999999990631
QuickSort,Random,1045,0.0014555999999998903
QuickSort,Random,1045,0.0014476000000005484
QuickSort,Random,1050,0.00168489999999899
QuickSort,Random,1050,0.0015468000000016247
QuickSort,Random,1055,0.0015215000000008416
QuickSort,Random,1055,0.0013579999999997483
QuickSort,Random,1060,0.0014815000000005796
QuickSort,Random,1060,0.001431700000001257
QuickSort,Random,1065,0.0015961999999998255
QuickSort,Random,1065,0.0014954999999989838
QuickSort,Random,1070,0.0014395999999994302
QuickSort,Random,1070,0.0017593999999991894
QuickSort,Random,1075,0.0015481000000008294
QuickSort,Random,1075,0.0015318000000004162
QuickSort,Random,1080,0.0014646999999996524
QuickSort,Random,1080,0.0015785000000008154
QuickSort,Random,1085,0.0015169000000003763
QuickSort,Random,1085,0.0013828999999994096
QuickSort,Random,1090,0.001571200000000772
QuickSort,Random,1090,0.0014844000000007185
QuickSort,Random,1095,0.0015332999999984054
QuickSort,Random,1095,0.0015789000000001607
QuickSort,Random,1100,0.001437300000000974
QuickSort,Random,1100,0.0015394000000004127
QuickSort,Random,1105,0.0017791000000002555
QuickSort,Random,1105,0.0016487999999998948
QuickSort,Random,1110,0.0016900999999993616
QuickSort,Random,1110,0.001488300000000109
QuickSort,Random,1115,0.0016610999999997489
QuickSort,Random,1115,0.0015289000000002773
QuickSort,Random,1120,0.0015434000000009718
QuickSort,Random,1120,0.001585900000000251
QuickSort,Random,1125,0.0015422999999987752
QuickSort,Random,1125,0.0016098000000006607
QuickSort,Random,1130,0.0015648999999999802
QuickSort,Random,1130,0.0016307000000015393
QuickSort,Random,1135,0.0016926999999995473
QuickSort,Random,1135,0.0015046999999999144
QuickSort,Random,1140,0.0015941000000001537
QuickSort,Random,1140,0.001655500000000032
QuickSort,Random,1145,0.0016706000000006327
QuickSort,Random,1145,0.0015988999999994036
QuickSort,Random,1150,0.0017223000000008426
QuickSort,Random,1150,0.001584899999999223
QuickSort,Random,1155,0.0016473000000001292
QuickSort,Random,1155,0.0017253000000003738
QuickSort,Random,1160,0.0016127000000007996
QuickSort,Random,1160,0.0016464000000002699
QuickSort,Random,1165,0.0016354999999990127
QuickSort,Random,1165,0.0016175999999994417
QuickSort,Random,1170,0.0016939000000011362
QuickSort,Random,1170,0.0016599999999993287
QuickSort,Random,1175,0.001792299999999969
QuickSort,Random,1175,0.0016613000000003098
QuickSort,Random,1180,0.001716800000000518
QuickSort,Random,1180,0.0016268000000003724
QuickSort,Random,1185,0.0017071000000008496
QuickSort,Random,1185,0.0017361000000004623
QuickSort,Random,1190,0.0016883999999990351
QuickSort,Random,1190,0.001674400000000631
QuickSort,Random,1195,0.0015964000000003864
QuickSort,Random,1195,0.0016870999999998304
QuickSort,Random,1200,0.0016925000000007628
QuickSort,Random,1200,0.0018440000000001788
QuickSort,Random,1205,0.0016993999999996845
QuickSort,Random,1205,0.0018001999999999185
QuickSort,Random,1210,0.0017987999999995452
QuickSort,Random,1210,0.0017140000000015476
QuickSort,Random,1215,0.0018188000000005644
QuickSort,Random,1215,0.0018165000000003317
QuickSort,Random,1220,0.0016944000000016501
QuickSort,Random,1220,0.0016805000000008619
QuickSort,Random,1225,0.001693100000000669
QuickSort,Random,1225,0.0017828999999984774
QuickSort,Random,1230,0.0018771999999991351
QuickSort,Random,1230,0.0017826000000003006
QuickSort,Random,1235,0.0018004999999998716
QuickSort,Random,1235,0.0018264999999999532
QuickSort,Random,1240,0.0018745999999989493
QuickSort,Random,1240,0.0016964999999995456
QuickSort,Random,1245,0.0017306000000001376
QuickSort,Random,1245,0.001750200000000035
QuickSort,Random,1250,0.0018282999999996719
QuickSort,Random,1250,0.0018124999999997726
QuickSort,Random,1255,0.0017627999999998423
QuickSort,Random,1255,0.0017353999999993874
QuickSort,Random,1260,0.001701100000000011
QuickSort,Random,1260,0.0017615000000006376
QuickSort,Random,1265,0.0017505999999993804
QuickSort,Random,1265,0.0018591999999983955
QuickSort,Random,1270,0.0019537999999990063
QuickSort,Random,1270,0.0018648000000016651
QuickSort,Random,1275,0.0017490999999996149
QuickSort,Random,1275,0.0018364999999995746
QuickSort,Random,1280,0.001990499999999784
QuickSort,Random,1280,0.0019249999999999545
QuickSort,Random,1285,0.0017903999999990816
QuickSort,Random,1285,0.0020255999999996277
QuickSort,Random,1290,0.002002400000000293
QuickSort,Random,1290,0.0018263999999987846
QuickSort,Random,1295,0.0018721999999993244
QuickSort,Random,1295,0.0019515999999999423
QuickSort,Random,1300,0.0018300999999993905
QuickSort,Random,1300,0.0018956000000009965
QuickSort,Random,1305,0.001875500000000585
QuickSort,Random,1305,0.001796899999998658
QuickSort,Random,1310,0.0018588000000008265
QuickSort,Random,1310,0.0018413000000006008
QuickSort,Random,1315,0.0019166000000012673
QuickSort,Random,1315,0.001844600000000085
QuickSort,Random,1320,0.0019316000000006994
QuickSort,Random,1320,0.002045100000000133
QuickSort,Random,1325,0.001986699999999786
QuickSort,Random,1325,0.002021400000000284
QuickSort,Random,1330,0.001888899999999083
QuickSort,Random,1330,0.0018527999999999878
QuickSort,Random,1335,0.00197819999999993
QuickSort,Random,1335,0.0019221999999992079
QuickSort,Random,1340,0.0018475999999996162
QuickSort,Random,1340,0.0017946000000002016
QuickSort,Random,1345,0.0018881999999997845
QuickSort,Random,1345,0.001958199999998911
QuickSort,Random,1350,0.0019284999999999997
QuickSort,Random,1350,0.0021065999999994034
QuickSort,Random,1355,0.0019314000000001386
QuickSort,Random,1355,0.002041399999999527
QuickSort,Random,1360,0.0020565000000001277
QuickSort,Random,1360,0.002042199999999994
QuickSort,Random,1365,0.0019241000000000952
QuickSort,Random,1365,0.0019809999999989003
QuickSort,Random,1370,0.001953499999999053
QuickSort,Random,1370,0.0019852000000000203
QuickSort,Random,1375,0.002237900000000792
QuickSort,Random,1375,0.002039200000000463
QuickSort,Random,1380,0.0020121999999993534
QuickSort,Random,1380,0.002371000000000123
QuickSort,Random,1385,0.0019298000000009807
QuickSort,Random,1385,0.0019532000000008765
QuickSort,Random,1390,0.0019879999999989906
QuickSort,Random,1390,0.0020817999999991343
QuickSort,Random,1395,0.0021462999999997123
QuickSort,Random,1395,0.0020548999999991935
QuickSort,Random,1400,0.0020693000000004957
QuickSort,Random,1400,0.0020922999999992697
QuickSort,Random,1405,0.0020161999999999125
QuickSort,Random,1405,0.0022042000000013218
QuickSort,Random,1410,0.002241900000001351
QuickSort,Random,1410,0.001962400000000031
QuickSort,Random,1415,0.0021354000000002316
QuickSort,Random,1415,0.0019676999999997946
QuickSort,Random,1420,0.0020332000000014006
QuickSort,Random,1420,0.0019954000000002026
QuickSort,Random,1425,0.0022945999999990363
QuickSort,Random,1425,0.0022060000000010405
QuickSort,Random,1430,0.0020763999999999783
QuickSort,Random,1430,0.002091500000000579
QuickSort,Random,1435,0.0021108000000005234
QuickSort,Random,1435,0.0020895999999996917
QuickSort,Random,1440,0.002050999999999803
QuickSort,Random,1440,0.002107899999998608
QuickSort,Random,1445,0.002151299999999523
QuickSort,Random,1445,0.0021439999999994797
QuickSort,Random,1450,0.0021974999999994083
QuickSort,Random,1450,0.0020097999999997285
QuickSort,Random,1455,0.002358199999999755
QuickSort,Random,1455,0.0020701999999985787
QuickSort,Random,1460,0.002162199999999004
QuickSort,Random,1460,0.0020985000000006693
QuickSort,Random,1465,0.0021828999999993215
QuickSort,Random,1465,0.0021855999999988995
QuickSort,Random,1470,0.0021562999999993337
QuickSort,Random,1470,0.002411799999999076
QuickSort,Random,1475,0.0021292000000006084
QuickSort,Random,1475,0.002232399999998691
QuickSort,Random,1480,0.002141899999999808
QuickSort,Random,1480,0.002221900000000332
QuickSort,Random,1485,0.0022918999999994583
QuickSort,Random,1485,0.002097300000000857
QuickSort,Random,1490,0.002249400000000179
QuickSort,Random,1490,0.002079200000000725
QuickSort,Random,1495,0.0021199000000002854
QuickSort,Random,1495,0.002383299999999977
QuickSort,Random,1500,0.002126799999999207
QuickSort,Random,1500,0.002289300000001049
QuickSort,Random,1505,0.0021069999999987488
QuickSort,Random,1505,0.0022991999999995016
QuickSort,Random,1510,0.0022957999999988488
QuickSort,Random,1510,0.0022111999999996357
QuickSort,Random,1515,0.0024661999999988637
QuickSort,Random,1515,0.0021630000000012473
QuickSort,Random,1520,0.0020852999999991795
QuickSort,Random,1520,0.0024084999999995915
QuickSort,Random,1525,0.0021845000000002557
QuickSort,Random,1525,0.0021646999999997973
QuickSort,Random,1530,0.002429700000000423
QuickSort,Random,1530,0.0023064000000001528
QuickSort,Random,1535,0.0022734999999993732
QuickSort,Random,1535,0.0024519999999998987
QuickSort,Random,1540,0.0024260999999992094
QuickSort,Random,1540,0.0024415999999991556
QuickSort,Random,1545,0.002395599999999831
QuickSort,Random,1545,0.002231200000000655
QuickSort,Random,1550,0.002423000000000286
QuickSort,Random,1550,0.0023604999999999876
QuickSort,Random,1555,0.0021833000000004432
QuickSort,Random,1555,0.0023751000000000744
QuickSort,Random,1560,0.0022880000000000678
QuickSort,Random,1560,0.002357699999999241
QuickSort,Random,1565,0.002282700000000304
QuickSort,Random,1565,0.0023379999999999512
QuickSort,Random,1570,0.0023236000000004253
QuickSort,Random,1570,0.0024566999999997563
QuickSort,Random,1575,0.002308600000000993
QuickSort,Random,1575,0.0022919999999988505
QuickSort,Random,1580,0.0024151000000003364
QuickSort,Random,1580,0.002378499999998951
QuickSort,Random,1585,0.0022770000000011947
QuickSort,Random,1585,0.002315799999999868
QuickSort,Random,1590,0.0022845000000000226
QuickSort,Random,1590,0.0023698000000003105
QuickSort,Random,1595,0.00222290000000136
QuickSort,Random,1595,0.002486700000000397
QuickSort,Random,1600,0.0023634000000001265
QuickSort,Random,1600,0.0023217000000013144
QuickSort,Random,1605,0.0024414999999997633
QuickSort,Random,1605,0.0022807999999994166
QuickSort,Random,1610,0.002368099999999984
QuickSort,Random,1610,0.0028516999999990134
QuickSort,Random,1615,0.002397699999999503
QuickSort,Random,1615,0.002435800000000654
QuickSort,Random,1620,0.002608399999999733
QuickSort,Random,1620,0.00242519999999935
QuickSort,Random,1625,0.002355299999999616
QuickSort,Random,1625,0.002725300000001596
QuickSort,Random,1630,0.0023526999999994302
QuickSort,Random,1630,0.0026050000000008566
QuickSort,Random,1635,0.0024189000000003347
QuickSort,Random,1635,0.0022847000000005835
QuickSort,Random,1640,0.002471200000000451
QuickSort,Random,1640,0.0022761999999989513
QuickSort,Random,1645,0.002568899999999985
QuickSort,Random,1645,0.002508800000001088
QuickSort,Random,1650,0.002548600000000789
QuickSort,Random,1650,0.002479899999999091
QuickSort,Random,1655,0.002423700000001361
QuickSort,Random,1655,0.0026586999999995697
QuickSort,Random,1660,0.0026364000000000942
QuickSort,Random,1660,0.003018200000001414
QuickSort,Random,1665,0.002580899999999886
QuickSort,Random,1665,0.002764600000000783
QuickSort,Random,1670,0.0023745999999995604
QuickSort,Random,1670,0.0024769999999989523
QuickSort,Random,1675,0.0025873999999994624
QuickSort,Random,1675,0.0025417999999994834
QuickSort,Random,1680,0.002371000000000123
QuickSort,Random,1680,0.002587700000001192
QuickSort,Random,1685,0.0027367999999992065
QuickSort,Random,1685,0.0026551999999995246
QuickSort,Random,1690,0.002550199999999947
QuickSort,Random,1690,0.002493199999999973
QuickSort,Random,1695,0.0027205000000005697
QuickSort,Random,1695,0.0025087999999993116
QuickSort,Random,1700,0.0024743999999987665
QuickSort,Random,1700,0.002393699999998944
QuickSort,Random,1705,0.0025554999999997108
QuickSort,Random,1705,0.0025382999999994382
QuickSort,Random,1710,0.002543799999999763
QuickSort,Random,1710,0.002875599999999423
QuickSort,Random,1715,0.002466100000001248
QuickSort,Random,1715,0.002362100000000922
QuickSort,Random,1720,0.002594799999998898
QuickSort,Random,1720,0.0027871000000008195
QuickSort,Random,1725,0.0026434000000001845
QuickSort,Random,1725,0.0028703999999990515
QuickSort,Random,1730,0.0027518999999998073
QuickSort,Random,1730,0.0026290000000006586
QuickSort,Random,1735,0.002610499999999405
QuickSort,Random,1735,0.0024802000000008206
QuickSort,Random,1740,0.0024850000000000705
QuickSort,Random,1740,0.0025303000000000964
QuickSort,Random,1745,0.0027349000000000956
QuickSort,Random,1745,0.0031404999999988803
QuickSort,Random,1750,0.0028076000000005763
QuickSort,Random,1750,0.0025501000000005547
QuickSort,Random,1755,0.002599299999999971
QuickSort,Random,1755,0.002677399999999608
QuickSort,Random,1760,0.002694100000001143
QuickSort,Random,1760,0.0026852000000001652
QuickSort,Random,1765,0.002807200000001231
QuickSort,Random,1765,0.002697100000000674
QuickSort,Random,1770,0.0028444000000007463
QuickSort,Random,1770,0.0026783000000012436
QuickSort,Random,1775,0.002604099999999221
QuickSort,Random,1775,0.002894799999999975
QuickSort,Random,1780,0.0028664000000002687
QuickSort,Random,1780,0.002972099999999145
QuickSort,Random,1785,0.0026767000000003094
QuickSort,Random,1785,0.002922700000000944
QuickSort,Random,1790,0.003033699999999584
QuickSort,Random,1790,0.0028029000000007187
QuickSort,Random,1795,0.002678200000000075
QuickSort,Random,1795,0.0026767000000003094
QuickSort,Random,1800,0.002833499999999489
QuickSort,Random,1800,0.002747799999999856
QuickSort,Random,1805,0.00265669999999929
QuickSort,Random,1805,0.0026615000000003164
QuickSort,Random,1810,0.0029780999999999835
QuickSort,Random,1810,0.002939800000000048
QuickSort,Random,1815,0.002799599999999458
QuickSort,Random,1815,0.0026486999999999483
QuickSort,Random,1820,0.0028719000000005934
QuickSort,Random,1820,0.0026764000000003563
QuickSort,Random,1825,0.002718700000000851
QuickSort,Random,1825,0.0027471999999999497
QuickSort,Random,1830,0.0031306000000004275
QuickSort,Random,1830,0.0030476000000003722
QuickSort,Random,1835,0.0028997000000003936
QuickSort,Random,1835,0.0028669000000007827
QuickSort,Random,1840,0.002899000000001095
QuickSort,Random,1840,0.0028617999999998034
QuickSort,Random,1845,0.002775599999999656
QuickSort,Random,1845,0.003004300000000626
QuickSort,Random,1850,0.0030102999999996882
QuickSort,Random,1850,0.003026000000000195
QuickSort,Random,1855,0.0028476999999984542
QuickSort,Random,1855,0.0029733000000007337
QuickSort,Random,1860,0.002709700000000481
QuickSort,Random,1860,0.002822000000000102
QuickSort,Random,1865,0.0028052999999985673
QuickSort,Random,1865,0.003449300000001543
QuickSort,Random,1870,0.0028085000000004356
QuickSort,Random,1870,0.002947300000000652
QuickSort,Random,1875,0.0029732000000013414
QuickSort,Random,1875,0.002721100000000476
QuickSort,Random,1880,0.0027394000000011687
QuickSort,Random,1880,0.0033540999999992493
QuickSort,Random,1885,0.002864100000000036
QuickSort,Random,1885,0.0028356999999985533
QuickSort,Random,1890,0.0028866999999994647
QuickSort,Random,1890,0.002925199999999961
QuickSort,Random,1895,0.002814799999999451
QuickSort,Random,1895,0.002650199999999714
QuickSort,Random,1900,0.0033604999999994334
QuickSort,Random,1900,0.0028065999999995483
QuickSort,Random,1905,0.0028594999999995707
QuickSort,Random,1905,0.0026706000000000785
QuickSort,Random,1910,0.00293399999999977
QuickSort,Random,1910,0.0028930000000002565
QuickSort,Random,1915,0.002837700000000609
QuickSort,Random,1915,0.003382000000000218
QuickSort,Random,1920,0.0029281000000001
QuickSort,Random,1920,0.002878700000000123
QuickSort,Random,1925,0.003126500000000476
QuickSort,Random,1925,0.002809199999999734
QuickSort,Random,1930,0.0030570000000000874
QuickSort,Random,1930,0.002998500000000348
QuickSort,Random,1935,0.0028565000000000396
QuickSort,Random,1935,0.003038400000001218
QuickSort,Random,1940,0.0028816000000002617
QuickSort,Random,1940,0.0030137999999997334
QuickSort,Random,1945,0.003110500000000016
QuickSort,Random,1945,0.0036632000000000886
QuickSort,Random,1950,0.0029245000000006627
QuickSort,Random,1950,0.0030122999999999678
QuickSort,Random,1955,0.0035272000000006187
QuickSort,Random,1955,0.0030980999999989933
QuickSort,Random,1960,0.0030730000000005475
QuickSort,Random,1960,0.0030529999999995283
QuickSort,Random,1965,0.0028983000000000203
QuickSort,Random,1965,0.003879000000001298
QuickSort,Random,1970,0.0028868000000006333
QuickSort,Random,1970,0.003046799999999905
QuickSort,Random,1975,0.0030660999999998495
QuickSort,Random,1975,0.0029101999999987527
QuickSort,Random,1980,0.002939099999998973
QuickSort,Random,1980,0.0029780999999999835
QuickSort,Random,1985,0.00313180000000024
QuickSort,Random,1985,0.003237199999999163
QuickSort,Random,1990,0.003001900000001001
QuickSort,Random,1990,0.003039599999999254
QuickSort,Random,1995,0.003429999999999822
QuickSort,Random,1995,0.0030701000000004086
QuickSort,Random,2000,0.0031914000000003995
QuickSort,Random,2000,0.0030298999999995857
QuickSort,Random,2005,0.003225199999999262
QuickSort,Random,2005,0.002908399999999034
QuickSort,Random,2010,0.0031055000000002053
QuickSort,Random,2010,0.0030021999999991777
QuickSort,Random,2015,0.0030261999999989797
QuickSort,Random,2015,0.0031780999999995174
QuickSort,Random,2020,0.0031359000000001913
QuickSort,Random,2020,0.0029543000000007424
QuickSort,Random,2025,0.003192300000000259
QuickSort,Random,2025,0.0030514000000003705
QuickSort,Random,2030,0.0030940000000008183
QuickSort,Random,2030,0.0035007000000000232
QuickSort,Random,2035,0.003338700000000472
QuickSort,Random,2035,0.0030882000000005405
QuickSort,Random,2040,0.003127800000001457
QuickSort,Random,2040,0.0030669000000003166
QuickSort,Random,2045,0.002977700000000638
QuickSort,Random,2045,0.003037199999999629
QuickSort,Random,2050,0.002904100000000298
QuickSort,Random,2050,0.0030447999999996256
QuickSort,Random,2055,0.00294410000000056
QuickSort,Random,2055,0.0032616000000000867
QuickSort,Random,2060,0.0032679000000008784
QuickSort,Random,2060,0.0030375999999989745
QuickSort,Random,2065,0.0033653000000004596
QuickSort,Random,2065,0.0030354999999993026
QuickSort,Random,2070,0.003162400000000787
QuickSort,Random,2070,0.0034821999999987696
QuickSort,Random,2075,0.0033218999999995447
QuickSort,Random,2075,0.003180900000000264
QuickSort,Random,2080,0.0030730000000005475
QuickSort,Random,2080,0.003285999999999234
QuickSort,Random,2085,0.0032053000000011878
QuickSort,Random,2085,0.003120399999998469
QuickSort,Random,2090,0.0033378000000006125
QuickSort,Random,2090,0.003304899999999833
QuickSort,Random,2095,0.0036351999999997275
QuickSort,Random,2095,0.0033042999999999267
QuickSort,Random,2100,0.003053200000000089
QuickSort,Random,2100,0.0032978000000003505
QuickSort,Random,2105,0.00328969999999984
QuickSort,Random,2105,0.003354500000000371
QuickSort,Random,2110,0.0035039000000001153
QuickSort,Random,2110,0.003502700000000303
QuickSort,Random,2115,0.003222700000000245
QuickSort,Random,2115,0.0032780999999992844
QuickSort,Random,2120,0.00313880000000033
QuickSort,Random,2120,0.0032882000000000744
QuickSort,Random,2125,0.0032136000000004827
QuickSort,Random,2125,0.003285999999999234
QuickSort,Random,2130,0.0032855999999998886
QuickSort,Random,2130,0.0035623000000004623
QuickSort,Random,2135,0.00332650000000001
QuickSort,Random,2135,0.003470799999998775
QuickSort,Random,2140,0.0032052999999994114
QuickSort,Random,2140,0.003244600000000375
QuickSort,Random,2145,0.003512100000000018
QuickSort,Random,2145,0.0034516999999993914
QuickSort,Random,2150,0.003387099999999421
QuickSort,Random,2150,0.0033711000000007374
QuickSort,Random,2155,0.0031797000000004516
QuickSort,Random,2155,0.0038298000000001053
QuickSort,Random,2160,0.0034340999999997734
QuickSort,Random,2160,0.0034679999999998046
QuickSort,Random,2165,0.0033402999999996297
QuickSort,Random,2165,0.0033642999999994316
QuickSort,Random,2170,0.003499599999999603
QuickSort,Random,2170,0.003448399999999907
QuickSort,Random,2175,0.003348300000000748
QuickSort,Random,2175,0.0034743999999999886
QuickSort,Random,2180,0.00319109999999867
QuickSort,Random,2180,0.0032706000000004565
QuickSort,Random,2185,0.0034221999999992647
QuickSort,Random,2185,0.003456099999999296
QuickSort,Random,2190,0.0033823999999995635
QuickSort,Random,2190,0.003624399999999639
QuickSort,Random,2195,0.0034959000000007734
QuickSort,Random,2195,0.0034214999999999662
QuickSort,Random,2200,0.0035591999999997626
QuickSort,Random,2200,0.003505699999999834
QuickSort,Random,2205,0.003781799999998725
QuickSort,Random,2205,0.0033858000000002164
QuickSort,Random,2210,0.003535300000001129
QuickSort,Random,2210,0.0032826000000003575
QuickSort,Random,2215,0.0034951000000003063
QuickSort,Random,2215,0.0035245000000010407
QuickSort,Random,2220,0.0032892000000011024
QuickSort,Random,2220,0.003357900000001024
QuickSort,Random,2225,0.0034354000000007545
QuickSort,Random,2225,0.00348970000000115
QuickSort,Random,2230,0.0033674999999995237
QuickSort,Random,2230,0.003576100000000082
QuickSort,Random,2235,0.003360300000000649
QuickSort,Random,2235,0.0033606999999999942
QuickSort,Random,2240,0.003853100000000609
QuickSort,Random,2240,0.004044600000000287
QuickSort,Random,2245,0.0034455999999991604
QuickSort,Random,2245,0.0033946999999994176
QuickSort,Random,2250,0.0034825999999998913
QuickSort,Random,2250,0.003518800000000155
QuickSort,Random,2255,0.00367319999999971
QuickSort,Random,2255,0.003768100000000274
QuickSort,Random,2260,0.0037418000000002394
QuickSort,Random,2260,0.003567500000000834
QuickSort,Random,2265,0.0035261999999995908
QuickSort,Random,2265,0.0036664000000001806
QuickSort,Random,2270,0.003642499999999771
QuickSort,Random,2270,0.0034785999999993322
QuickSort,Random,2275,0.003471799999999803
QuickSort,Random,2275,0.003436300000000614
QuickSort,Random,2280,0.003762000000000043
QuickSort,Random,2280,0.004407399999999839
QuickSort,Random,2285,0.0036175000000007174
QuickSort,Random,2285,0.0037091000000000207
QuickSort,Random,2290,0.0035880000000005907
QuickSort,Random,2290,0.003583099999998396
QuickSort,Random,2295,0.003474599999998773
QuickSort,Random,2295,0.003618299999999408
QuickSort,Random,2300,0.00356810000000074
QuickSort,Random,2300,0.003301799999999133
QuickSort,Random,2305,0.003430200000000383
QuickSort,Random,2305,0.003561200000000042
QuickSort,Random,2310,0.0035635000000002748
QuickSort,Random,2310,0.0035714000000002244
QuickSort,Random,2315,0.003473600000001298
QuickSort,Random,2315,0.003535799999999867
QuickSort,Random,2320,0.0034439000000006104
QuickSort,Random,2320,0.0038770000000010185
QuickSort,Random,2325,0.0035748000000008773
QuickSort,Random,2325,0.003380599999999845
QuickSort,Random,2330,0.0036868999999999374
QuickSort,Random,2330,0.003915099999998617
QuickSort,Random,2335,0.003612099999999785
QuickSort,Random,2335,0.00392439999999894
QuickSort,Random,2340,0.0037624999999987807
QuickSort,Random,2340,0.003502700000000303
QuickSort,Random,2345,0.003693699999999467
QuickSort,Random,2345,0.004238599999998982
QuickSort,Random,2350,0.0036532999999998594
QuickSort,Random,2350,0.0036380999999998664
QuickSort,Random,2355,0.0036170000000002034
QuickSort,Random,2355,0.00365829999999967
QuickSort,Random,2360,0.003629199999998889
QuickSort,Random,2360,0.003837499999999494
QuickSort,Random,2365,0.0036369999999994462
QuickSort,Random,2365,0.003755599999999859
QuickSort,Random,2370,0.003448099999999954
QuickSort,Random,2370,0.0037272000000001526
QuickSort,Random,2375,0.0037815000000005483
QuickSort,Random,2375,0.0036948999999992793
QuickSort,Random,2380,0.0038546999999997666
QuickSort,Random,2380,0.004096499999999281
QuickSort,Random,2385,0.003532499999998606
QuickSort,Random,2385,0.003775000000000972
QuickSort,Random,2390,0.0039818999999994276
QuickSort,Random,2390,0.0037493000000008436
QuickSort,Random,2395,0.003868199999999433
QuickSort,Random,2395,0.003938599999999681
QuickSort,Random,2400,0.0037906999999997026
QuickSort,Random,2400,0.003611299999999318
QuickSort,Random,2405,0.003687899999999189
QuickSort,Random,2405,0.00373079999999959
QuickSort,Random,2410,0.0037692000000006942
QuickSort,Random,2410,0.0037714999999991505
QuickSort,Random,2415,0.0035162999999993616
QuickSort,Random,2415,0.0035495999999994865
QuickSort,Random,2420,0.003861399999999904
QuickSort,Random,2420,0.0039245000000001085
QuickSort,Random,2425,0.003643300000000238
QuickSort,Random,2425,0.003715599999999597
QuickSort,Random,2430,0.0036543000000008874
QuickSort,Random,2430,0.0039253000000005756
QuickSort,Random,2435,0.003980600000000223
QuickSort,Random,2435,0.003779599999999661
QuickSort,Random,2440,0.0040197000000006256
QuickSort,Random,2440,0.003581799999999191
QuickSort,Random,2445,0.0038973000000002145
QuickSort,Random,2445,0.003965799999999575
QuickSort,Random,2450,0.0038239000000004353
QuickSort,Random,2450,0.0038330000000001974
QuickSort,Random,2455,0.003855599999999626
QuickSort,Random,2455,0.004081599999999241
QuickSort,Random,2460,0.003776900000000083
QuickSort,Random,2460,0.0038634000000001834
QuickSort,Random,2465,0.003940099999999447
QuickSort,Random,2465,0.004022299999999035
QuickSort,Random,2470,0.004128700000000762
QuickSort,Random,2470,0.003945500000000379
QuickSort,Random,2475,0.003896100000000402
QuickSort,Random,2475,0.004008199999999462
QuickSort,Random,2480,0.003920399999998381
QuickSort,Random,2480,0.003943300000001315
QuickSort,Random,2485,0.004000300000001289
QuickSort,Random,2485,0.004039799999999261
QuickSort,Random,2490,0.003967100000000556
QuickSort,Random,2490,0.003638200000001035
QuickSort,Random,2495,0.0039040000000003516
QuickSort,Random,2495,0.0047317000000006715
QuickSort,Random,2500,0.004050599999999349
QuickSort,Random,2500,0.0038786000000001764
QuickSort,Random,2505,0.003975099999999898
QuickSort,Random,2505,0.003880699999999848
QuickSort,Random,2510,0.0038348999999993083
QuickSort,Random,2510,0.003941799999999773
QuickSort,Random,2515,0.003962100000000746
QuickSort,Random,2515,0.004163699999999437
QuickSort,Random,2520,0.004144800000000615
QuickSort,Random,2520,0.0039055999999995095
QuickSort,Random,2525,0.004266400000000559
QuickSort,Random,2525,0.0038412999999994923
QuickSort,Random,2530,0.004096999999999795
QuickSort,Random,2530,0.003935300000000197
QuickSort,Random,2535,0.003945799999998556
QuickSort,Random,2535,0.004180699999999149
QuickSort,Random,2540,0.003972000000000975
QuickSort,Random,2540,0.004148700000000005
QuickSort,Random,2545,0.004060100000000233
QuickSort,Random,2545,0.0038979000000001207
QuickSort,Random,2550,0.00409970000000115
QuickSort,Random,2550,0.004569000000000045
QuickSort,Random,2555,0.004028000000001697
QuickSort,Random,2555,0.0041490999999993505
QuickSort,Random,2560,0.0040317000000005265
QuickSort,Random,2560,0.004367199999999016
QuickSort,Random,2565,0.0038584000000003726
QuickSort,Random,2565,0.0037570000000002324
QuickSort,Random,2570,0.00414150000000113
QuickSort,Random,2570,0.004159500000000094
QuickSort,Random,2575,0.003994000000000497
QuickSort,Random,2575,0.0038973999999996067
QuickSort,Random,2580,0.004084199999999427
QuickSort,Random,2580,0.0042007999999995604
QuickSort,Random,2585,0.004042300000000054
QuickSort,Random,2585,0.00488019999999878
QuickSort,Random,2590,0.004017300000001001
QuickSort,Random,2590,0.004447400000000101
QuickSort,Random,2595,0.004144100000001316
QuickSort,Random,2595,0.0040042000000006794
QuickSort,Random,2600,0.004116300000001516
QuickSort,Random,2600,0.004250100000000145
QuickSort,Random,2605,0.004156800000000516
QuickSort,Random,2605,0.004353500000000565
QuickSort,Random,2610,0.0040551999999998145
QuickSort,Random,2610,0.004100900000000962
QuickSort,Random,2615,0.004365500000000466
QuickSort,Random,2615,0.003930200000000994
QuickSort,Random,2620,0.004255799999999255
QuickSort,Random,2620,0.004279800000000833
QuickSort,Random,2625,0.004465999999998971
QuickSort,Random,2625,0.004127099999999828
QuickSort,Random,2630,0.004028399999999266
QuickSort,Random,2630,0.004182099999999522
QuickSort,Random,2635,0.004009500000000443
QuickSort,Random,2635,0.004161999999999111
QuickSort,Random,2640,0.004292500000000032
QuickSort,Random,2640,0.004090200000000266
QuickSort,Random,2645,0.003985699999999426
QuickSort,Random,2645,0.004109000000001473
QuickSort,Random,2650,0.004316199999999881
QuickSort,Random,2650,0.004484100000000879
QuickSort,Random,2655,0.004321199999999692
QuickSort,Random,2655,0.00442360000000086
QuickSort,Random,2660,0.0039861000000005475
QuickSort,Random,2660,0.004094499999999002
QuickSort,Random,2665,0.004123200000000438
QuickSort,Random,2665,0.004597399999999752
QuickSort,Random,2670,0.0043448000000001485
QuickSort,Random,2670,0.004363899999999532
QuickSort,Random,2675,0.004565999999998738
QuickSort,Random,2675,0.004183499999999896
QuickSort,Random,2680,0.004172900000000368
QuickSort,Random,2680,0.004238700000000151
QuickSort,Random,2685,0.00430140000000101
QuickSort,Random,2685,0.004333299999998985
QuickSort,Random,2690,0.004635699999999687
QuickSort,Random,2690,0.004266400000000559
QuickSort,Random,2695,0.00424749999999996
QuickSort,Random,2695,0.004273700000000602
QuickSort,Random,2700,0.004141499999999354
QuickSort,Random,2700,0.004297300000001059
QuickSort,Random,2705,0.004163600000000045
QuickSort,Random,2705,0.004231099999998378
QuickSort,Random,2710,0.004182099999999522
QuickSort,Random,2710,0.004168099999999342
QuickSort,Random,2715,0.004624700000000814
QuickSort,Random,2715,0.004217999999999833
QuickSort,Random,2720,0.004145499999999913
QuickSort,Random,2720,0.004114599999999413
QuickSort,Random,2725,0.004095900000001151
QuickSort,Random,2725,0.004387899999999334
QuickSort,Random,2730,0.00454249999999945
QuickSort,Random,2730,0.0042173000000005345
QuickSort,Random,2735,0.004668199999999345
QuickSort,Random,2735,0.004321700000000206
QuickSort,Random,2740,0.004525499999999738
QuickSort,Random,2740,0.004209600000001146
QuickSort,Random,2745,0.004354699999998601
QuickSort,Random,2745,0.004478500000001162
QuickSort,Random,2750,0.0046615999999986
QuickSort,Random,2750,0.004447799999999447
QuickSort,Random,2755,0.004099699999999373
QuickSort,Random,2755,0.004378499999999619
QuickSort,Random,2760,0.004607899999999887
QuickSort,Random,2760,0.004366400000000326
QuickSort,Random,2765,0.0041989000000004495
QuickSort,Random,2765,0.004186100000000081
QuickSort,Random,2770,0.004381000000000412
QuickSort,Random,2770,0.004149100000001127
QuickSort,Random,2775,0.004474899999999948
QuickSort,Random,2775,0.004386200000000784
QuickSort,Random,2780,0.004299000000001385
QuickSort,Random,2780,0.005184500000000369
QuickSort,Random,2785,0.004426099999999877
QuickSort,Random,2785,0.004583900000000085
QuickSort,Random,2790,0.0041541999999985535
QuickSort,Random,2790,0.004331900000000388
QuickSort,Random,2795,0.004714599999999791
QuickSort,Random,2795,0.004799200000000781
QuickSort,Random,2800,0.004612799999998529
QuickSort,Random,2800,0.004394500000000079
QuickSort,Random,2805,0.004507500000000775
QuickSort,Random,2805,0.004547000000000523
QuickSort,Random,2810,0.004265699999999484
QuickSort,Random,2810,0.00424860000000038
QuickSort,Random,2815,0.004313800000000256
QuickSort,Random,2815,0.004516000000000631
QuickSort,Random,2820,0.0046426999999997776
QuickSort,Random,2820,0.004449499999999773
QuickSort,Random,2825,0.004471699999999856
QuickSort,Random,2825,0.0051418999999999215
QuickSort,Random,2830,0.004487799999999709
QuickSort,Random,2830,0.004508400000000634
QuickSort,Random,2835,0.00428229999999985
QuickSort,Random,2835,0.00432020000000044
QuickSort,Random,2840,0.004461700000000235
QuickSort,Random,2840,0.0045967999999998455
QuickSort,Random,2845,0.004506199999999794
QuickSort,Random,2845,0.0046658000000014965
QuickSort,Random,2850,0.004718199999999229
QuickSort,Random,2850,0.004864099999998928
QuickSort,Random,2855,0.005044899999999686
QuickSort,Random,2855,0.004810700000000168
QuickSort,Random,2860,0.00463799999999992
QuickSort,Random,2860,0.004342499999999916
QuickSort,Random,2865,0.0045250000000010004
QuickSort,Random,2865,0.004355600000000237
QuickSort,Random,2870,0.0044186000000010495
QuickSort,Random,2870,0.005170299999999628
QuickSort,Random,2875,0.0048978999999995665
QuickSort,Random,2875,0.004540300000000386
QuickSort,Random,2880,0.004850899999999214
QuickSort,Random,2880,0.004613000000000866
QuickSort,Random,2885,0.004531000000000063
QuickSort,Random,2885,0.004617999999998901
QuickSort,Random,2890,0.004590600000000222
QuickSort,Random,2890,0.005233699999999786
QuickSort,Random,2895,0.004942900000001416
QuickSort,Random,2895,0.004377999999999105
QuickSort,Random,2900,0.004863699999999582
QuickSort,Random,2900,0.004554300000000566
QuickSort,Random,2905,0.004632700000000156
QuickSort,Random,2905,0.004635199999999173
QuickSort,Random,2910,0.004666899999998364
QuickSort,Random,2910,0.004748799999999775
QuickSort,Random,2915,0.004921400000000631
QuickSort,Random,2915,0.0049562999999999136
QuickSort,Random,2920,0.004544900000000851
QuickSort,Random,2920,0.004575400000000229
QuickSort,Random,2925,0.00487260000000056
QuickSort,Random,2925,0.00468239999999831
QuickSort,Random,2930,0.004738899999999546
QuickSort,Random,2930,0.004896600000000362
QuickSort,Random,2935,0.004623799999999179
QuickSort,Random,2935,0.004450600000000193
QuickSort,Random,2940,0.00503809999999838
QuickSort,Random,2940,0.004950300000000851
QuickSort,Random,2945,0.0049797999999992015
QuickSort,Random,2945,0.004758199999999491
QuickSort,Random,2950,0.004855799999999633
QuickSort,Random,2950,0.004921500000000023
QuickSort,Random,2955,0.0045728000000000435
QuickSort,Random,2955,0.00472229999999918
QuickSort,Random,2960,0.004553599999999491
QuickSort,Random,2960,0.00491330000000012
QuickSort,Random,2965,0.004603899999999328
QuickSort,Random,2965,0.004977399999999577
QuickSort,Random,2970,0.004537100000000294
QuickSort,Random,2970,0.004632799999999548
QuickSort,Random,2975,0.004870399999999719
QuickSort,Random,2975,0.004646799999999729
QuickSort,Random,2980,0.004489200000000082
QuickSort,Random,2980,0.005021199999999837
QuickSort,Random,2985,0.0048989000000005944
QuickSort,Random,2985,0.005343599999999782
QuickSort,Random,2990,0.00519260000000088
QuickSort,Random,2990,0.004861600000001687
QuickSort,Random,2995,0.005581499999999906
QuickSort,Random,2995,0.0052216000000004925
QuickSort,Random,3000,0.004566300000000467
QuickSort,Random,3000,0.004787900000000178
QuickSort,Random,3005,0.004577400000000509
QuickSort,Random,3005,0.005072400000001309
QuickSort,Random,3010,0.004792700000001204
QuickSort,Random,3010,0.004875600000000091
QuickSort,Random,3015,0.00478410000000018
QuickSort,Random,3015,0.004803600000000685
QuickSort,Random,3020,0.004758700000000005
QuickSort,Random,3020,0.004625799999999458
QuickSort,Random,3025,0.004723199999999039
QuickSort,Random,3025,0.00484759999999973
QuickSort,Random,3030,0.004871299999999579
QuickSort,Random,3030,0.004946300000000292
QuickSort,Random,3035,0.005049999999998889
QuickSort,Random,3035,0.005119500000001054
QuickSort,Random,3040,0.0050773999999993435
QuickSort,Random,3040,0.004808699999999888
QuickSort,Random,3045,0.004813499999999138
QuickSort,Random,3045,0.004995199999999755
QuickSort,Random,3050,0.004739700000000013
QuickSort,Random,3050,0.004894099999999568
QuickSort,Random,3055,0.0050880000000006476
QuickSort,Random,3055,0.004545900000000103
QuickSort,Random,3060,0.004924199999999601
QuickSort,Random,3060,0.004856699999999492
QuickSort,Random,3065,0.005455699999998842
QuickSort,Random,3065,0.0049069999999993286
QuickSort,Random,3070,0.005000299999998958
QuickSort,Random,3070,0.004968599999999768
QuickSort,Random,3075,0.004958900000000099
QuickSort,Random,3075,0.005040899999999127
QuickSort,Random,3080,0.005009199999999936
QuickSort,Random,3080,0.004846900000000431
QuickSort,Random,3085,0.004904599999999704
QuickSort,Random,3085,0.0053909999999994795
QuickSort,Random,3090,0.004942500000000294
QuickSort,Random,3090,0.004759800000000425
QuickSort,Random,3095,0.005009400000000497
QuickSort,Random,3095,0.004919200000001567
QuickSort,Random,3100,0.004855000000000942
QuickSort,Random,3100,0.005051399999999262
QuickSort,Random,3105,0.004763900000000376
QuickSort,Random,3105,0.005102800000001295
QuickSort,Random,3110,0.005081500000001071
QuickSort,Random,3110,0.0053302999999989
QuickSort,Random,3115,0.004826899999999412
QuickSort,Random,3115,0.005133299999998897
QuickSort,Random,3120,0.005103899999999939
QuickSort,Random,3120,0.005063599999999724
QuickSort,Random,3125,0.004946700000001414
QuickSort,Random,3125,0.004905499999999563
QuickSort,Random,3130,0.00490740000000045
QuickSort,Random,3130,0.004931100000000299
QuickSort,Random,3135,0.00500439999999891
QuickSort,Random,3135,0.005220899999999418
QuickSort,Random,3140,0.005008100000001292
QuickSort,Random,3140,0.005140299999998987
QuickSort,Random,3145,0.0051565999999994006
QuickSort,Random,3145,0.005061600000001221
QuickSort,Random,3150,0.004816200000000492
QuickSort,Random,3150,0.004901000000000266
QuickSort,Random,3155,0.004810299999999046
QuickSort,Random,3155,0.00476550000000131
QuickSort,Random,3160,0.005063800000000285
QuickSort,Random,3160,0.0052883000000001346
QuickSort,Random,3165,0.005821300000000917
QuickSort,Random,3165,0.005271300000000423
QuickSort,Random,3170,0.0050346999999995035
QuickSort,Random,3170,0.005424800000000118
QuickSort,Random,3175,0.004955899999998792
QuickSort,Random,3175,0.0050133999999992795
QuickSort,Random,3180,0.005202999999999847
QuickSort,Random,3180,0.005199799999999755
QuickSort,Random,3185,0.004998099999999894
QuickSort,Random,3185,0.005407299999999893
QuickSort,Random,3190,0.005324300000001614
QuickSort,Random,3190,0.005462200000000195
QuickSort,Random,3195,0.005123299999997499
QuickSort,Random,3195,0.005143600000000248
QuickSort,Random,3200,0.005602599999999569
QuickSort,Random,3200,0.005919399999999797
QuickSort,Random,3205,0.004836699999998473
QuickSort,Random,3205,0.004938299999999174
QuickSort,Random,3210,0.005171099999998319
QuickSort,Random,3210,0.005734600000000256
QuickSort,Random,3215,0.0061037000000006
QuickSort,Random,3215,0.00505889999999809
QuickSort,Random,3220,0.005235400000000112
QuickSort,Random,3220,0.005217699999999326
QuickSort,Random,3225,0.00530780000000064
QuickSort,Random,3225,0.005031500000001188
QuickSort,Random,3230,0.005127800000000349
QuickSort,Random,3230,0.0051927000000020485
QuickSort,Random,3235,0.00514039999999838
QuickSort,Random,3235,0.005499900000000224
QuickSort,Random,3240,0.005121400000000165
QuickSort,Random,3240,0.005187599999999293
QuickSort,Random,3245,0.005269700000003041
QuickSort,Random,3245,0.005380300000002336
QuickSort,Random,3250,0.005249500000001461
QuickSort,Random,3250,0.005218599999999185
QuickSort,Random,3255,0.005292600000000647
QuickSort,Random,3255,0.005577600000002292
QuickSort,Random,3260,0.005344300000000857
QuickSort,Random,3260,0.005158699999999072
QuickSort,Random,3265,0.005269800000000657
QuickSort,Random,3265,0.005561600000000055
QuickSort,Random,3270,0.005075000000001495
QuickSort,Random,3270,0.005907199999999335
QuickSort,Random,3275,0.005426799999998622
QuickSort,Random,3275,0.005400900000001485
QuickSort,Random,3280,0.005300000000001859
QuickSort,Random,3280,0.005284100000000791
QuickSort,Random,3285,0.005148200000000713
QuickSort,Random,3285,0.005354399999998094
QuickSort,Random,3290,0.0055581999999994025
QuickSort,Random,3290,0.00593939999999904
QuickSort,Random,3295,0.005421200000000681
QuickSort,Random,3295,0.005198799999998727
QuickSort,Random,3300,0.005221200000001147
QuickSort,Random,3300,0.005163399999997154
QuickSort,Random,3305,0.005026399999998432
QuickSort,Random,3305,0.00520270000000167
QuickSort,Random,3310,0.005716799999998301
QuickSort,Random,3310,0.005222999999997313
QuickSort,Random,3315,0.0053298000000019385
QuickSort,Random,3315,0.005731099999998435
QuickSort,Random,3320,0.005167100000001312
QuickSort,Random,3320,0.00537519999999958
QuickSort,Random,3325,0.005213700000002319
QuickSort,Random,3325,0.005290099999999853
QuickSort,Random,3330,0.005278400000001682
QuickSort,Random,3330,0.005219200000002644
QuickSort,Random,3335,0.0052272000000002095
QuickSort,Random,3335,0.0055973999999991975
QuickSort,Random,3340,0.00536819999999949
QuickSort,Random,3340,0.005575300000000283
QuickSort,Random,3345,0.0053099999999979275
QuickSort,Random,3345,0.005206399999998723
QuickSort,Random,3350,0.005154799999999682
QuickSort,Random,3350,0.005456399999999917
QuickSort,Random,3355,0.005749599999997912
QuickSort,Random,3355,0.005925600000001197
QuickSort,Random,3360,0.006238699999997266
QuickSort,Random,3360,0.0056925999999997146
QuickSort,Random,3365,0.006071299999998558
QuickSort,Random,3365,0.005831499999999323
QuickSort,Random,3370,0.005594199999997329
QuickSort,Random,3370,0.005455399999998889
QuickSort,Random,3375,0.00572389999999956
QuickSort,Random,3375,0.005342899999998707
QuickSort,Random,3380,0.005499900000000224
QuickSort,Random,3380,0.005771699999996827
QuickSort,Random,3385,0.005314099999999655
QuickSort,Random,3385,0.005492799999998965
QuickSort,Random,3390,0.005300899999998165
QuickSort,Random,3390,0.005740400000000534
QuickSort,Random,3395,0.005341800000000063
QuickSort,Random,3395,0.005578299999999814
QuickSort,Random,3400,0.005430400000001612
QuickSort,Random,3400,0.005708200000000829
QuickSort,Random,3405,0.005524699999998717
QuickSort,Random,3405,0.005248399999999265
QuickSort,Random,3410,0.005233900000000347
QuickSort,Random,3410,0.005343400000000997
QuickSort,Random,3415,0.006316299999998165
QuickSort,Random,3415,0.0058419000000000665
QuickSort,Random,3420,0.005436799999998243
QuickSort,Random,3420,0.00560700000000125
QuickSort,Random,3425,0.005553400000000153
QuickSort,Random,3425,0.005517199999999889
QuickSort,Random,3430,0.00580229999999915
QuickSort,Random,3430,0.005760399999999777
QuickSort,Random,3435,0.005935499999999649
QuickSort,Random,3435,0.005519899999999467
QuickSort,Random,3440,0.005361699999998137
QuickSort,Random,3440,0.005414200000000591
QuickSort,Random,3445,0.005753600000002024
QuickSort,Random,3445,0.005573999999999302
QuickSort,Random,3450,0.005414500000000544
QuickSort,Random,3450,0.005299700000001906
QuickSort,Random,3455,0.005798299999998591
QuickSort,Random,3455,0.005667100000000147
QuickSort,Random,3460,0.0055224000000002604
QuickSort,Random,3460,0.00622319999999732
QuickSort,Random,3465,0.005963799999999964
QuickSort,Random,3465,0.005563699999999727
QuickSort,Random,3470,0.005631600000000958
QuickSort,Random,3470,0.005646199999997492
QuickSort,Random,3475,0.006152199999998942
QuickSort,Random,3475,0.005583999999998923
QuickSort,Random,3480,0.005778499999998132
QuickSort,Random,3480,0.0061283000000003085
QuickSort,Random,3485,0.0063893999999997675
QuickSort,Random,3485,0.0056216999999989525
QuickSort,Random,3490,0.0055991000000013
QuickSort,Random,3490,0.00597789999999776
QuickSort,Random,3495,0.005572799999999489
QuickSort,Random,3495,0.005885800000001495
QuickSort,Random,3500,0.005731300000000772
QuickSort,Random,3500,0.006314700000000784
QuickSort,Random,3505,0.005908699999999101
QuickSort,Random,3505,0.005767099999999914
QuickSort,Random,3510,0.005356499999997766
QuickSort,Random,3510,0.005885799999997943
QuickSort,Random,3515,0.005965100000000945
QuickSort,Random,3515,0.005404600000002091
QuickSort,Random,3520,0.005358999999998559
QuickSort,Random,3520,0.006264800000000292
QuickSort,Random,3525,0.0059976000000006024
QuickSort,Random,3525,0.006368000000001928
QuickSort,Random,3530,0.00596010000000291
QuickSort,Random,3530,0.006045999999997775
QuickSort,Random,3535,0.005837799999998339
QuickSort,Random,3535,0.005834400000001239
QuickSort,Random,3540,0.005676699999998647
QuickSort,Random,3540,0.005792799999998266
QuickSort,Random,3545,0.005602500000001953
QuickSort,Random,3545,0.006247700000002965
QuickSort,Random,3550,0.005675799999998787
QuickSort,Random,3550,0.005713599999999985
QuickSort,Random,3555,0.005772199999999117
QuickSort,Random,3555,0.00609359999999981
QuickSort,Random,3560,0.00591659999999905
QuickSort,Random,3560,0.0062563000000004365
QuickSort,Random,3565,0.0058371999999984325
QuickSort,Random,3565,0.005828799999999745
QuickSort,Random,3570,0.005534699999998338
QuickSort,Random,3570,0.0056405999999995515
QuickSort,Random,3575,0.005952499999999361
QuickSort,Random,3575,0.005843399999999832
QuickSort,Random,3580,0.0058722999999965
QuickSort,Random,3580,0.0064844000000015
QuickSort,Random,3585,0.006349099999997776
QuickSort,Random,3585,0.006058600000002912
QuickSort,Random,3590,0.005825799999996661
QuickSort,Random,3590,0.006251400000000018
QuickSort,Random,3595,0.005512899999999377
QuickSort,Random,3595,0.005698000000002423
QuickSort,Random,3600,0.0058510999999974445
QuickSort,Random,3600,0.005750899999998893
QuickSort,Random,3605,0.006312900000001065
QuickSort,Random,3605,0.005805999999999756
QuickSort,Random,3610,0.005893200000002707
QuickSort,Random,3610,0.005739800000000628
QuickSort,Random,3615,0.006576199999997812
QuickSort,Random,3615,0.006741999999999138
QuickSort,Random,3620,0.006568500000000199
QuickSort,Random,3620,0.005861799999998141
QuickSort,Random,3625,0.005884600000001683
QuickSort,Random,3625,0.005712700000000126
QuickSort,Random,3630,0.0057101999999993325
QuickSort,Random,3630,0.006177699999998509
QuickSort,Random,3635,0.006530500000000217
QuickSort,Random,3635,0.006132799999999605
QuickSort,Random,3640,0.00609190000000126
QuickSort,Random,3640,0.006098200000000276
QuickSort,Random,3645,0.005446500000001464
QuickSort,Random,3645,0.005877600000001593
QuickSort,Random,3650,0.005704300000001439
QuickSort,Random,3650,0.0060107999999985395
QuickSort,Random,3655,0.005872499999998837
QuickSort,Random,3655,0.0060499999999983345
QuickSort,Random,3660,0.006239000000000772
QuickSort,Random,3660,0.005771599999999211
QuickSort,Random,3665,0.006420200000000875
QuickSort,Random,3665,0.005966999999998279
QuickSort,Random,3670,0.0061046999999980756
QuickSort,Random,3670,0.006149399999998195
QuickSort,Random,3675,0.006060899999997815
QuickSort,Random,3675,0.0064755000000005225
QuickSort,Random,3680,0.006550800000002965
QuickSort,Random,3680,0.0057709999999993045
QuickSort,Random,3685,0.006422999999998069
QuickSort,Random,3685,0.0058672000000008495
QuickSort,Random,3690,0.006578799999999774
QuickSort,Random,3690,0.005984800000000234
QuickSort,Random,3695,0.006008999999998821
QuickSort,Random,3695,0.006245499999998572
QuickSort,Random,3700,0.006447100000002592
QuickSort,Random,3700,0.006618899999999428
QuickSort,Random,3705,0.0069588999999972145
QuickSort,Random,3705,0.006173700000001503
QuickSort,Random,3710,0.006078900000002108
QuickSort,Random,3710,0.005714099999998723
QuickSort,Random,3715,0.00599419999999995
QuickSort,Random,3715,0.006175599999998838
QuickSort,Random,3720,0.006168299999998794
QuickSort,Random,3720,0.006094300000000885
QuickSort,Random,3725,0.006069099999997718
QuickSort,Random,3725,0.006081400000002901
QuickSort,Random,3730,0.006454500000000252
QuickSort,Random,3730,0.00604669999999885
QuickSort,Random,3735,0.006386799999997805
QuickSort,Random,3735,0.00619310000000084
QuickSort,Random,3740,0.006077599999997574
QuickSort,Random,3740,0.00595649999999992
QuickSort,Random,3745,0.006093799999998595
QuickSort,Random,3745,0.006139000000001005
QuickSort,Random,3750,0.005999199999997984
QuickSort,Random,3750,0.006099100000000135
QuickSort,Random,3755,0.006142900000000395
QuickSort,Random,3755,0.006630600000001152
QuickSort,Random,3760,0.005984500000000281
QuickSort,Random,3760,0.0059165000000014345
QuickSort,Random,3765,0.006698599999999999
QuickSort,Random,3765,0.006159400000001369
QuickSort,Random,3770,0.006248299999999318
QuickSort,Random,3770,0.006267600000001039
QuickSort,Random,3775,0.006185599999998459
QuickSort,Random,3775,0.006021199999999283
QuickSort,Random,3780,0.006452199999998243
QuickSort,Random,3780,0.006059800000002724
QuickSort,Random,3785,0.006540499999999838
QuickSort,Random,3785,0.00661089999999831
QuickSort,Random,3790,0.0060499999999983345
QuickSort,Random,3790,0.0061131000000003155
QuickSort,Random,3795,0.0062600000000010425
QuickSort,Random,3795,0.005993399999997706
QuickSort,Random,3800,0.0062272999999990475
QuickSort,Random,3800,0.006345400000000723
QuickSort,Random,3805,0.006238100000000912
QuickSort,Random,3805,0.006442700000000912
QuickSort,Random,3810,0.006377400000001643
QuickSort,Random,3810,0.006434099999999887
QuickSort,Random,3815,0.006607800000001163
QuickSort,Random,3815,0.0065579000000006715
QuickSort,Random,3820,0.00615659999999707
QuickSort,Random,3820,0.007219799999997889
QuickSort,Random,3825,0.006633600000000683
QuickSort,Random,3825,0.006565899999998237
QuickSort,Random,3830,0.006048099999997447
QuickSort,Random,3830,0.006667799999998891
QuickSort,Random,3835,0.006907600000001679
QuickSort,Random,3835,0.0064211999999983504
QuickSort,Random,3840,0.006299399999999622
QuickSort,Random,3840,0.006271800000000383
QuickSort,Random,3845,0.006175500000001222
QuickSort,Random,3845,0.0066734999999980005
QuickSort,Random,3850,0.006943899999999559
QuickSort,Random,3850,0.006704499999997893
QuickSort,Random,3855,0.0063285999999997955
QuickSort,Random,3855,0.006521799999998024
QuickSort,Random,3860,0.00653830000000255
QuickSort,Random,3860,0.0060394999999999754
QuickSort,Random,3865,0.006286800000001591
QuickSort,Random,3865,0.007108000000002335
QuickSort,Random,3870,0.007291999999999632
QuickSort,Random,3870,0.007683100000001275
QuickSort,Random,3875,0.006598700000001401
QuickSort,Random,3875,0.006893000000001592
QuickSort,Random,3880,0.006055899999999781
QuickSort,Random,3880,0.00659909999999897
QuickSort,Random,3885,0.006551599999998103
QuickSort,Random,3885,0.006801700000000466
QuickSort,Random,3890,0.006438100000000446
QuickSort,Random,3890,0.006994699999999909
QuickSort,Random,3895,0.007134699999998162
QuickSort,Random,3895,0.0065464000000012845
QuickSort,Random,3900,0.007117599999997282
QuickSort,Random,3900,0.006520200000000642
QuickSort,Random,3905,0.006386200000001452
QuickSort,Random,3905,0.006684100000001081
QuickSort,Random,3910,0.006426799999999844
QuickSort,Random,3910,0.0066241999999974155
QuickSort,Random,3915,0.006571299999997393
QuickSort,Random,3915,0.006061700000000059
QuickSort,Random,3920,0.006401300000000276
QuickSort,Random,3920,0.006694499999998271
QuickSort,Random,3925,0.006662299999998567
QuickSort,Random,3925,0.006662099999999782
QuickSort,Random,3930,0.006928399999999613
QuickSort,Random,3930,0.006901800000001401
QuickSort,Random,3935,0.0065278999999982545
QuickSort,Random,3935,0.006473500000002019
QuickSort,Random,3940,0.006512600000000646
QuickSort,Random,3940,0.006807299999998406
QuickSort,Random,3945,0.006441699999999884
QuickSort,Random,3945,0.006650699999998011
QuickSort,Random,3950,0.006725000000002979
QuickSort,Random,3950,0.006400400000000417
QuickSort,Random,3955,0.007244799999998719
QuickSort,Random,3955,0.006487400000001031
QuickSort,Random,3960,0.0062117000000014855
QuickSort,Random,3960,0.0064819000000007065
QuickSort,Random,3965,0.006576100000000196
QuickSort,Random,3965,0.007521099999998171
QuickSort,Random,3970,0.006832599999999189
QuickSort,Random,3970,0.006444399999999462
QuickSort,Random,3975,0.006237599999998622
QuickSort,Random,3975,0.00663499999999928
QuickSort,Random,3980,0.006394500000002523
QuickSort,Random,3980,0.006970299999998986
QuickSort,Random,3985,0.006162199999998563
QuickSort,Random,3985,0.006203800000001536
QuickSort,Random,3990,0.007083200000000289
QuickSort,Random,3990,0.006844999999998436
QuickSort,Random,3995,0.006631699999999796
QuickSort,Random,3995,0.006272800000001411
QuickSort,Random,4000,0.006768999999998471
QuickSort,Random,4000,0.007500199999999069
QuickSort,Random,4005,0.006443000000000865
QuickSort,Random,4005,0.007045699999999044
QuickSort,Random,4010,0.006465699999999686
QuickSort,Random,4010,0.006785400000001829
QuickSort,Random,4015,0.006814099999999712
QuickSort,Random,4015,0.006647299999997358
QuickSort,Random,4020,0.006858600000001047
QuickSort,Random,4020,0.007740999999999332
QuickSort,Random,4025,0.006495299999997428
QuickSort,Random,4025,0.007157199999998198
QuickSort,Random,4030,0.007187999999999306
QuickSort,Random,4030,0.006616999999998541
QuickSort,Random,4035,0.006850199999998807
QuickSort,Random,4035,0.007226299999999242
QuickSort,Random,4040,0.0066673999999977696
QuickSort,Random,4040,0.006871300000000247
QuickSort,Random,4045,0.006259400000001136
QuickSort,Random,4045,0.007038000000001432
QuickSort,Random,4050,0.0065923999999988325
QuickSort,Random,4050,0.0067720000000015546
QuickSort,Random,4055,0.006551900000001609
QuickSort,Random,4055,0.007213600000000042
QuickSort,Random,4060,0.0066248000000008744
QuickSort,Random,4060,0.0067723999999991236
QuickSort,Random,4065,0.007019500000001955
QuickSort,Random,4065,0.006398799999999483
QuickSort,Random,4070,0.007614300000000185
QuickSort,Random,4070,0.006683999999999912
QuickSort,Random,4075,0.006562699999999921
QuickSort,Random,4075,0.006891700000000611
QuickSort,Random,4080,0.006638500000001102
QuickSort,Random,4080,0.006568699999998984
QuickSort,Random,4085,0.006271199999996924
QuickSort,Random,4085,0.007142999999999233
QuickSort,Random,4090,0.007596400000000614
QuickSort,Random,4090,0.006761399999998474
QuickSort,Random,4095,0.006649400000000583
QuickSort,Random,4095,0.0063512000000010005
QuickSort,Random,4100,0.006921200000000738
QuickSort,Random,4100,0.006611199999998263
QuickSort,Random,4105,0.007295600000002622
QuickSort,Random,4105,0.007133400000000734
QuickSort,Random,4110,0.0073634000000026845
QuickSort,Random,4110,0.0070375999999967576
QuickSort,Random,4115,0.006785799999999398
QuickSort,Random,4115,0.007135499999996853
QuickSort,Random,4120,0.0069304000000016686
QuickSort,Random,4120,0.006914099999999479
QuickSort,Random,4125,0.006999199999999206
QuickSort,Random,4125,0.0072506000000025495
QuickSort,Random,4130,0.006603000000001913
QuickSort,Random,4130,0.006703399999999249
QuickSort,Random,4135,0.0066211000000002684
QuickSort,Random,4135,0.00685810000000231
QuickSort,Random,4140,0.0071067999999989695
QuickSort,Random,4140,0.007222699999999804
QuickSort,Random,4145,0.00664289999999923
QuickSort,Random,4145,0.006830300000000733
QuickSort,Random,4150,0.006904200000001026
QuickSort,Random,4150,0.006946200000001568
QuickSort,Random,4155,0.006630300000001199
QuickSort,Random,4155,0.006619499999999334
QuickSort,Random,4160,0.006734200000000357
QuickSort,Random,4160,0.006917399999998963
QuickSort,Random,4165,0.006570299999999918
QuickSort,Random,4165,0.007275999999997396
QuickSort,Random,4170,0.006782900000001035
QuickSort,Random,4170,0.00714410000000143
QuickSort,Random,4175,0.00685670000000016
QuickSort,Random,4175,0.00685500000000161
QuickSort,Random,4180,0.007033900000003257
QuickSort,Random,4180,0.007247199999998344
QuickSort,Random,4185,0.006847899999996798
QuickSort,Random,4185,0.0067467000000007715
QuickSort,Random,4190,0.006878000000000384
QuickSort,Random,4190,0.006938899999997972
QuickSort,Random,4195,0.007446500000000356
QuickSort,Random,4195,0.006896700000002198
QuickSort,Random,4200,0.0074147999999993885
QuickSort,Random,4200,0.006864799999998894
QuickSort,Random,4205,0.007837999999999568
QuickSort,Random,4205,0.007703299999999302
QuickSort,Random,4210,0.0072547000000007245
QuickSort,Random,4210,0.007639599999997415
QuickSort,Random,4215,0.00693250000000134
QuickSort,Random,4215,0.006767200000002305
QuickSort,Random,4220,0.006654499999999786
QuickSort,Random,4220,0.007066200000000578
QuickSort,Random,4225,0.006959199999997168
QuickSort,Random,4225,0.007365099999997682
QuickSort,Random,4230,0.007010099999998687
QuickSort,Random,4230,0.0073112999999978
QuickSort,Random,4235,0.006794300000002806
QuickSort,Random,4235,0.006517500000001064
QuickSort,Random,4240,0.007053599999998994
QuickSort,Random,4240,0.007274600000002351
QuickSort,Random,4245,0.007366300000001047
QuickSort,Random,4245,0.007255100000001846
QuickSort,Random,4250,0.007650299999998111
QuickSort,Random,4250,0.007833399999999102
QuickSort,Random,4255,0.007033200000002182
QuickSort,Random,4255,0.007448600000000027
QuickSort,Random,4260,0.007462900000000161
QuickSort,Random,4260,0.006979199999999963
QuickSort,Random,4265,0.006785499999999445
QuickSort,Random,4265,0.007491200000000475
QuickSort,Random,4270,0.007049600000001988
QuickSort,Random,4270,0.0070888999999993985
QuickSort,Random,4275,0.007813699999999812
QuickSort,Random,4275,0.007350100000000026
QuickSort,Random,4280,0.006875599999997206
QuickSort,Random,4280,0.0072131999999989205
QuickSort,Random,4285,0.006790399999999863
QuickSort,Random,4285,0.0072932999999970605
QuickSort,Random,4290,0.0075046000000007496
QuickSort,Random,4290,0.00714410000000143
QuickSort,Random,4295,0.0072206000000001325
QuickSort,Random,4295,0.007028000000001811
QuickSort,Random,4300,0.0077312999999996634
QuickSort,Random,4300,0.006941499999999934
QuickSort,Random,4305,0.008133300000000787
QuickSort,Random,4305,0.007156999999999414
QuickSort,Random,4310,0.007191799999997528
QuickSort,Random,4310,0.006957700000000955
QuickSort,Random,4315,0.007270500000000624
QuickSort,Random,4315,0.007688200000000478
QuickSort,Random,4320,0.007460300000001752
QuickSort,Random,4320,0.0071874000000029525
QuickSort,Random,4325,0.007325500000000318
QuickSort,Random,4325,0.006963400000000064
QuickSort,Random,4330,0.007765400000000255
QuickSort,Random,4330,0.00743850000000279
QuickSort,Random,4335,0.007371100000000297
QuickSort,Random,4335,0.007454000000002736
QuickSort,Random,4340,0.007694999999998231
QuickSort,Random,4340,0.007559400000001659
QuickSort,Random,4345,0.0074249999999977945
QuickSort,Random,4345,0.00722419999999957
QuickSort,Random,4350,0.007991000000000525
QuickSort,Random,4350,0.007178900000003097
QuickSort,Random,4355,0.0072307000000009225
QuickSort,Random,4355,0.00729419999999692
QuickSort,Random,4360,0.007136900000002555
QuickSort,Random,4360,0.007792099999999635
QuickSort,Random,4365,0.007098500000001451
QuickSort,Random,4365,0.007730500000000973
QuickSort,Random,4370,0.007017799999999852
QuickSort,Random,4370,0.007523799999997749
QuickSort,Random,4375,0.007505500000000609
QuickSort,Random,4375,0.00807100000000105
QuickSort,Random,4380,0.007242600000001431
QuickSort,Random,4380,0.0074982000000005655
QuickSort,Random,4385,0.0074424999999997965
QuickSort,Random,4385,0.007525499999999852
QuickSort,Random,4390,0.007452099999998296
QuickSort,Random,4390,0.007308299999998269
QuickSort,Random,4395,0.007211099999999249
QuickSort,Random,4395,0.006990999999999303
QuickSort,Random,4400,0.0069696000000014635
QuickSort,Random,4400,0.008106599999997854
QuickSort,Random,4405,0.008490800000000576
QuickSort,Random,4405,0.007356600000001379
QuickSort,Random,4410,0.0072891999999988855
QuickSort,Random,4410,0.0071750000000001535
QuickSort,Random,4415,0.007412399999999764
QuickSort,Random,4415,0.008391199999998378
QuickSort,Random,4420,0.007508400000002524
QuickSort,Random,4420,0.008068299999997919
QuickSort,Random,4425,0.007768500000000955
QuickSort,Random,4425,0.007894900000000149
QuickSort,Random,4430,0.007775399999999877
QuickSort,Random,4430,0.007578800000000996
QuickSort,Random,4435,0.007367999999999597
QuickSort,Random,4435,0.007176799999999872
QuickSort,Random,4440,0.007311900000001259
QuickSort,Random,4440,0.008280599999999083
QuickSort,Random,4445,0.0077771999999995955
QuickSort,Random,4445,0.007364200000001375
QuickSort,Random,4450,0.007276999999998424
QuickSort,Random,4450,0.0075488999999997475
QuickSort,Random,4455,0.007021400000002842
QuickSort,Random,4455,0.00800609999999935
QuickSort,Random,4460,0.007418299999997657
QuickSort,Random,4460,0.007414900000000557
QuickSort,Random,4465,0.006937199999999422
QuickSort,Random,4465,0.0076059999999991135
QuickSort,Random,4470,0.007464200000001142
QuickSort,Random,4470,0.007762599999999509
QuickSort,Random,4475,0.007686299999999591
QuickSort,Random,4475,0.007745599999999797
QuickSort,Random,4480,0.007378599999999125
QuickSort,Random,4480,0.0070166000000000395
QuickSort,Random,4485,0.008081199999999455
QuickSort,Random,4485,0.007808699999998225
QuickSort,Random,4490,0.00753660000000167
QuickSort,Random,4490,0.007108600000002241
QuickSort,Random,4495,0.0075276999999971395
QuickSort,Random,4495,0.00753519999999952
QuickSort,Random,4500,0.0077886999999989825
QuickSort,Random,4500,0.007722199999999901
QuickSort,Random,4505,0.007869700000000535
QuickSort,Random,4505,0.007759599999999978
QuickSort,Random,4510,0.007387399999998934
QuickSort,Random,4510,0.007394600000001361
QuickSort,Random,4515,0.007684199999999919
QuickSort,Random,4515,0.008137800000000084
QuickSort,Random,4520,0.007601899999997386
QuickSort,Random,4520,0.00771920000000037
QuickSort,Random,4525,0.007755799999998203
QuickSort,Random,4525,0.008107599999998882
QuickSort,Random,4530,0.007750300000001431
QuickSort,Random,4530,0.008068900000001378
QuickSort,Random,4535,0.0077481999999982065
QuickSort,Random,4535,0.007424000000000319
QuickSort,Random,4540,0.007454500000001474
QuickSort,Random,4540,0.007979200000001185
QuickSort,Random,4545,0.007386600000000243
QuickSort,Random,4545,0.007563399999998666
QuickSort,Random,4550,0.007540699999999845
QuickSort,Random,4550,0.008126799999999434
QuickSort,Random,4555,0.007849100000001386
QuickSort,Random,4555,0.007834599999998915
QuickSort,Random,4560,0.008118899999999485
QuickSort,Random,4560,0.008019000000000887
QuickSort,Random,4565,0.007601099999998695
QuickSort,Random,4565,0.007657499999996986
QuickSort,Random,4570,0.007990799999998188
QuickSort,Random,4570,0.007835100000001205
QuickSort,Random,4575,0.0076035999999994885
QuickSort,Random,4575,0.007587499999999636
QuickSort,Random,4580,0.007749100000001619
QuickSort,Random,4580,0.007571299999998615
QuickSort,Random,4585,0.00744500000000059
QuickSort,Random,4585,0.007339499999996946
QuickSort,Random,4590,0.007547699999999935
QuickSort,Random,4590,0.007919300000001073
QuickSort,Random,4595,0.007598099999999164
QuickSort,Random,4595,0.007692599999998606
QuickSort,Random,4600,0.0078680999999996
QuickSort,Random,4600,0.007847599999998067
QuickSort,Random,4605,0.007628700000001487
QuickSort,Random,4605,0.008045299999999145
QuickSort,Random,4610,0.007686800000001881
QuickSort,Random,4610,0.007439299999997928
QuickSort,Random,4615,0.007640699999999612
QuickSort,Random,4615,0.007744800000001106
QuickSort,Random,4620,0.007983399999996976
QuickSort,Random,4620,0.007871500000000253
QuickSort,Random,4625,0.008417300000001404
QuickSort,Random,4625,0.008423699999998036
QuickSort,Random,4630,0.007880700000001184
QuickSort,Random,4630,0.007517500000002286
QuickSort,Random,4635,0.008067300000000444
QuickSort,Random,4635,0.0078807999999988
QuickSort,Random,4640,0.007717099999997146
QuickSort,Random,4640,0.007711199999999252
QuickSort,Random,4645,0.007982900000001791
QuickSort,Random,4645,0.007834199999997793
QuickSort,Random,4650,0.008081499999999409
QuickSort,Random,4650,0.00814229999999938
QuickSort,Random,4655,0.007639199999999846
QuickSort,Random,4655,0.008084699999997724
QuickSort,Random,4660,0.008596100000001883
QuickSort,Random,4660,0.008182500000000203
QuickSort,Random,4665,0.008003000000002203
QuickSort,Random,4665,0.008343800000002233
QuickSort,Random,4670,0.008533899999999761
QuickSort,Random,4670,0.008045500000001482
QuickSort,Random,4675,0.008652999999998912
QuickSort,Random,4675,0.008233699999998123
QuickSort,Random,4680,0.008034399999999664
QuickSort,Random,4680,0.007985000000001463
QuickSort,Random,4685,0.00850330000000099
QuickSort,Random,4685,0.007586199999998655
QuickSort,Random,4690,0.009118499999999585
QuickSort,Random,4690,0.008307099999999679
QuickSort,Random,4695,0.008223300000000933
QuickSort,Random,4695,0.007644600000002555
QuickSort,Random,4700,0.009016299999998978
QuickSort,Random,4700,0.008139499999998634
QuickSort,Random,4705,0.008190700000000106
QuickSort,Random,4705,0.007418000000001257
QuickSort,Random,4710,0.008112900000000423
QuickSort,Random,4710,0.00809200000000132
QuickSort,Random,4715,0.007715999999998502
QuickSort,Random,4715,0.008231099999999714
QuickSort,Random,4720,0.008179599999998288
QuickSort,Random,4720,0.007823300000001865
QuickSort,Random,4725,0.007761200000000912
QuickSort,Random,4725,0.007722799999999808
QuickSort,Random,4730,0.00815499999999858
QuickSort,Random,4730,0.0078156000000007
QuickSort,Random,4735,0.008473999999999648
QuickSort,Random,4735,0.008277299999999599
QuickSort,Random,4740,0.00824100000000172
QuickSort,Random,4740,0.008009500000000003
QuickSort,Random,4745,0.0076549000000021294
QuickSort,Random,4745,0.008004200000002015
QuickSort,Random,4750,0.007932399999997841
QuickSort,Random,4750,0.008971899999998811
QuickSort,Random,4755,0.008060100000001569
QuickSort,Random,4755,0.008682300000000254
QuickSort,Random,4760,0.00864699999999985
QuickSort,Random,4760,0.008479399999998805
QuickSort,Random,4765,0.008601099999999917
QuickSort,Random,4765,0.008078600000001046
QuickSort,Random,4770,0.00812570000000079
QuickSort,Random,4770,0.008017799999997521
QuickSort,Random,4775,0.008790600000001092
QuickSort,Random,4775,0.00806739999999806
QuickSort,Random,4780,0.007868300000001938
QuickSort,Random,4780,0.007912700000002104
QuickSort,Random,4785,0.00760039999999762
QuickSort,Random,4785,0.007768399999999787
QuickSort,Random,4790,0.00830190000000286
QuickSort,Random,4790,0.008442299999998681
QuickSort,Random,4795,0.008564400000000916
QuickSort,Random,4795,0.008224099999999623
QuickSort,Random,4800,0.008483800000000485
QuickSort,Random,4800,0.007881199999999922
QuickSort,Random,4805,0.008198600000000056
QuickSort,Random,4805,0.008266100000000165
QuickSort,Random,4810,0.008731300000000886
QuickSort,Random,4810,0.008153100000001245
QuickSort,Random,4815,0.007982099999999548
QuickSort,Random,4815,0.0083137000000022
QuickSort,Random,4820,0.008185499999999735
QuickSort,Random,4820,0.00878799999999913
QuickSort,Random,4825,0.007836599999997418
QuickSort,Random,4825,0.008150000000000546
QuickSort,Random,4830,0.008447400000001437
QuickSort,Random,4830,0.008238399999999757
QuickSort,Random,4835,0.008304199999997763
QuickSort,Random,4835,0.008482900000000626
QuickSort,Random,4840,0.007923000000001679
QuickSort,Random,4840,0.008578199999998759
QuickSort,Random,4845,0.008545200000000364
QuickSort,Random,4845,0.008017799999997521
QuickSort,Random,4850,0.008957800000001015
QuickSort,Random,4850,0.008702499999998281
QuickSort,Random,4855,0.008108499999998742
QuickSort,Random,4855,0.008068099999999134
QuickSort,Random,4860,0.008539100000000133
QuickSort,Random,4860,0.00908770000000203
QuickSort,Random,4865,0.009692400000002266
QuickSort,Random,4865,0.008276500000000908
QuickSort,Random,4870,0.008118599999999532
QuickSort,Random,4870,0.008881899999998666
QuickSort,Random,4875,0.008743300000002563
QuickSort,Random,4875,0.008184399999997538
QuickSort,Random,4880,0.00835920000000101
QuickSort,Random,4880,0.009455899999998962
QuickSort,Random,4885,0.007952399999997084
QuickSort,Random,4885,0.008187299999999453
QuickSort,Random,4890,0.008061200000000213
QuickSort,Random,4890,0.00867359999999806
QuickSort,Random,4895,0.008415200000001732
QuickSort,Random,4895,0.008641900000000646
QuickSort,Random,4900,0.00820979999999949
QuickSort,Random,4900,0.008762800000003068
QuickSort,Random,4905,0.008425200000001354
QuickSort,Random,4905,0.00852689999999967
QuickSort,Random,4910,0.008416799999999114
QuickSort,Random,4910,0.008600399999998842
QuickSort,Random,4915,0.008712100000000333
QuickSort,Random,4915,0.008812200000001269
QuickSort,Random,4920,0.009261300000002137
QuickSort,Random,4920,0.008504500000000803
QuickSort,Random,4925,0.008370700000000397
QuickSort,Random,4925,0.008347500000002839
QuickSort,Random,4930,0.008041799999997323
QuickSort,Random,4930,0.008215799999998552
QuickSort,Random,4935,0.008430800000002847
QuickSort,Random,4935,0.008432599999999013
QuickSort,Random,4940,0.008464000000000027
QuickSort,Random,4940,0.00847130000000007
QuickSort,Random,4945,0.007848899999999048
QuickSort,Random,4945,0.00849410000000006
QuickSort,Random,4950,0.00808980000000048
QuickSort,Random,4950,0.008690399999998988
QuickSort,Random,4955,0.008446999999996763
QuickSort,Random,4955,0.008402600000000149
QuickSort,Random,4960,0.008178699999998429
QuickSort,Random,4960,0.008206200000000052
QuickSort,Random,4965,0.00821250000000262
QuickSort,Random,4965,0.008127200000000556
QuickSort,Random,4970,0.007971699999998805
QuickSort,Random,4970,0.008423700000001588
QuickSort,Random,4975,0.00963480000000061
QuickSort,Random,4975,0.00879420000000053
QuickSort,Random,4980,0.008564399999997363
QuickSort,Random,4980,0.00901280000000071
QuickSort,Random,4985,0.00856849999999909
QuickSort,Random,4985,0.008578400000001096
QuickSort,Random,4990,0.008606499999999073
QuickSort,Random,4990,0.008893200000002821
QuickSort,Random,4995,0.008321599999998597
QuickSort,Random,4995,0.008638499999999993
QuickSort,Random,5000,0.009980500000001058
QuickSort,Random,5000,0.009147399999999806
