Hybrid Sort,Random,5,0.0014000000003733248
Hybrid Sort,Random,5,0.0004000000011217253
Hybrid Sort,Random,10,0.0009000000016357035
Hybrid Sort,Random,10,0.0004999999987376214
Hybrid Sort,Random,15,0.0008999999998593466
Hybrid Sort,Random,15,0.00029999999995311555
Hybrid Sort,Random,20,0.002000000000279556
Hybrid Sort,Random,20,0.0004999999987376214
Hybrid Sort,Random,25,0.0009999999992515995
Hybrid Sort,Random,25,0.00029999999995311555
Hybrid Sort,Random,30,0.0014000000003733248
Hybrid Sort,Random,30,0.0004000000011217253
Hybrid Sort,Random,35,0.0017000000003264404
Hybrid Sort,Random,35,0.00029999999995311555
Hybrid Sort,Random,40,0.0011000000004202093
Hybrid Sort,Random,40,0.0005999999999062311
Hybrid Sort,Random,45,0.0017999999997186933
Hybrid Sort,Random,45,0.0004999999987376214
Hybrid Sort,Random,50,0.001300000000981072
Hybrid Sort,Random,50,0.00029999999995311555
Hybrid Sort,Random,55,0.0010999999986438525
Hybrid Sort,Random,55,0.00039999999934536845
Hybrid Sort,Random,60,0.0007000000010748408
Hybrid Sort,Random,60,0.00029999999995311555
Hybrid Sort,Random,65,0.0014999999997655777
Hybrid Sort,Random,65,0.0003000000017294724
Hybrid Sort,Random,70,0.0011999999998124622
Hybrid Sort,Random,70,0.00029999999995311555
Hybrid Sort,Random,75,0.001299999999204715
Hybrid Sort,Random,75,0.00029999999995311555
Hybrid Sort,Random,80,0.0005999999999062311
Hybrid Sort,Random,80,0.0011999999998124622
Hybrid Sort,Random,85,0.001299999999204715
Hybrid Sort,Random,85,0.00039999999934536845
Hybrid Sort,Random,90,0.001300000000981072
Hybrid Sort,Random,90,0.00029999999995311555
Hybrid Sort,Random,95,0.0015999999991578306
Hybrid Sort,Random,95,0.00039999999934536845
Hybrid Sort,Random,100,0.0011000000004202093
Hybrid Sort,Random,100,0.00029999999995311555
Hybrid Sort,Random,105,0.0005999999999062311
Hybrid Sort,Random,105,0.00029999999995311555
Hybrid Sort,Random,110,0.0005999999999062311
Hybrid Sort,Random,110,0.0004000000011217253
Hybrid Sort,Random,115,0.0007000000010748408
Hybrid Sort,Random,115,0.0004000000011217253
Hybrid Sort,Random,120,0.000699999999298484
Hybrid Sort,Random,120,0.00039999999934536845
Hybrid Sort,Random,125,0.0007000000010748408
Hybrid Sort,Random,125,0.00029999999995311555
Hybrid Sort,Random,130,0.0008999999998593466
Hybrid Sort,Random,130,0.0004000000011217253
Hybrid Sort,Random,135,0.0005999999999062311
Hybrid Sort,Random,135,0.00029999999995311555
Hybrid Sort,Random,140,0.0005999999999062311
Hybrid Sort,Random,140,0.0004000000011217253
Hybrid Sort,Random,145,0.000699999999298484
Hybrid Sort,Random,145,0.00039999999934536845
Hybrid Sort,Random,150,0.0007000000010748408
Hybrid Sort,Random,150,0.00039999999934536845
Hybrid Sort,Random,155,0.0017000000003264404
Hybrid Sort,Random,155,0.0006000000016825879
Hybrid Sort,Random,160,0.0008000000004670937
Hybrid Sort,Random,160,0.0004000000011217253
Hybrid Sort,Random,165,0.0011000000004202093
Hybrid Sort,Random,165,0.00039999999934536845
Hybrid Sort,Random,170,0.000699999999298484
Hybrid Sort,Random,170,0.00029999999995311555
Hybrid Sort,Random,175,0.0014999999997655777
Hybrid Sort,Random,175,0.0004000000011217253
Hybrid Sort,Random,180,0.0011000000004202093
Hybrid Sort,Random,180,0.00039999999934536845
Hybrid Sort,Random,185,0.0014999999997655777
Hybrid Sort,Random,185,0.0003000000017294724
Hybrid Sort,Random,190,0.0005999999999062311
Hybrid Sort,Random,190,0.00029999999995311555
Hybrid Sort,Random,195,0.001299999999204715
Hybrid Sort,Random,195,0.0005000000005139782
Hybrid Sort,Random,200,0.0011999999998124622
Hybrid Sort,Random,200,0.00029999999995311555
Hybrid Sort,Random,205,0.0005999999999062311
Hybrid Sort,Random,205,0.00029999999995311555
Hybrid Sort,Random,210,0.0011000000004202093
Hybrid Sort,Random,210,0.00029999999995311555
Hybrid Sort,Random,215,0.0011999999998124622
Hybrid Sort,Random,215,0.00029999999995311555
Hybrid Sort,Random,220,0.001299999999204715
Hybrid Sort,Random,220,0.0007000000010748408
Hybrid Sort,Random,225,0.0014000000003733248
Hybrid Sort,Random,225,0.00029999999995311555
Hybrid Sort,Random,230,0.000699999999298484
Hybrid Sort,Random,230,0.0004000000011217253
Hybrid Sort,Random,235,0.000699999999298484
Hybrid Sort,Random,235,0.00039999999934536845
Hybrid Sort,Random,240,0.0008000000004670937
Hybrid Sort,Random,240,0.00039999999934536845
Hybrid Sort,Random,245,0.0009999999992515995
Hybrid Sort,Random,245,0.00039999999934536845
Hybrid Sort,Random,250,0.0017000000003264404
Hybrid Sort,Random,250,0.00029999999995311555
Hybrid Sort,Random,255,0.001300000000981072
Hybrid Sort,Random,255,0.0005000000005139782
Hybrid Sort,Random,260,0.0011999999998124622
Hybrid Sort,Random,260,0.00039999999934536845
Hybrid Sort,Random,265,0.0008999999998593466
Hybrid Sort,Random,265,0.0004999999987376214
Hybrid Sort,Random,270,0.000699999999298484
Hybrid Sort,Random,270,0.00039999999934536845
Hybrid Sort,Random,275,0.000699999999298484
Hybrid Sort,Random,275,0.0004999999987376214
Hybrid Sort,Random,280,0.000699999999298484
Hybrid Sort,Random,280,0.00039999999934536845
Hybrid Sort,Random,285,0.0014000000003733248
Hybrid Sort,Random,285,0.00039999999934536845
Hybrid Sort,Random,290,0.0015000000015419346
Hybrid Sort,Random,290,0.0004000000011217253
Hybrid Sort,Random,295,0.001300000000981072
Hybrid Sort,Random,295,0.00039999999934536845
Hybrid Sort,Random,300,0.0009999999992515995
Hybrid Sort,Random,300,0.00039999999934536845
Hybrid Sort,Random,305,0.0014999999997655777
Hybrid Sort,Random,305,0.00039999999934536845
Hybrid Sort,Random,310,0.000699999999298484
Hybrid Sort,Random,310,0.00039999999934536845
Hybrid Sort,Random,315,0.0008000000004670937
Hybrid Sort,Random,315,0.0004000000011217253
Hybrid Sort,Random,320,0.0007999999986907369
Hybrid Sort,Random,320,0.0004000000011217253
Hybrid Sort,Random,325,0.0010999999986438525
Hybrid Sort,Random,325,0.0004000000011217253
Hybrid Sort,Random,330,0.000699999999298484
Hybrid Sort,Random,330,0.0014000000003733248
Hybrid Sort,Random,335,0.0005999999999062311
Hybrid Sort,Random,335,0.00039999999934536845
Hybrid Sort,Random,340,0.0007999999986907369
Hybrid Sort,Random,340,0.00039999999934536845
Hybrid Sort,Random,345,0.0008999999998593466
Hybrid Sort,Random,345,0.0004000000011217253
Hybrid Sort,Random,350,0.0010000000010279564
Hybrid Sort,Random,350,0.001200000001588819
Hybrid Sort,Random,355,0.000699999999298484
Hybrid Sort,Random,355,0.00039999999934536845
Hybrid Sort,Random,360,0.0011000000004202093
Hybrid Sort,Random,360,0.00039999999934536845
Hybrid Sort,Random,365,0.0018999999991109462
Hybrid Sort,Random,365,0.0004000000011217253
Hybrid Sort,Random,370,0.001299999999204715
Hybrid Sort,Random,370,0.0005000000005139782
Hybrid Sort,Random,375,0.0007999999986907369
Hybrid Sort,Random,375,0.0004000000011217253
Hybrid Sort,Random,380,0.0008000000004670937
Hybrid Sort,Random,380,0.0004000000011217253
Hybrid Sort,Random,385,0.0007000000010748408
Hybrid Sort,Random,385,0.00039999999934536845
Hybrid Sort,Random,390,0.000699999999298484
Hybrid Sort,Random,390,0.00039999999934536845
Hybrid Sort,Random,395,0.0015999999991578306
Hybrid Sort,Random,395,0.0005000000005139782
Hybrid Sort,Random,400,0.0017000000003264404
Hybrid Sort,Random,400,0.00039999999934536845
Hybrid Sort,Random,405,0.0008999999998593466
Hybrid Sort,Random,405,0.0004000000011217253
Hybrid Sort,Random,410,0.0014000000003733248
Hybrid Sort,Random,410,0.00029999999995311555
Hybrid Sort,Random,415,0.0016000000009341875
Hybrid Sort,Random,415,0.00039999999934536845
Hybrid Sort,Random,420,0.0011999999998124622
Hybrid Sort,Random,420,0.0004000000011217253
Hybrid Sort,Random,425,0.0011999999998124622
Hybrid Sort,Random,425,0.00039999999934536845
Hybrid Sort,Random,430,0.0008999999998593466
Hybrid Sort,Random,430,0.0004000000011217253
Hybrid Sort,Random,435,0.0008999999998593466
Hybrid Sort,Random,435,0.00039999999934536845
Hybrid Sort,Random,440,0.0017000000003264404
Hybrid Sort,Random,440,0.0016000000009341875
Hybrid Sort,Random,445,0.001200000001588819
Hybrid Sort,Random,445,0.00039999999934536845
Hybrid Sort,Random,450,0.0014999999997655777
Hybrid Sort,Random,450,0.0005000000005139782
Hybrid Sort,Random,455,0.0024000000014012812
Hybrid Sort,Random,455,0.000699999999298484
Hybrid Sort,Random,460,0.0011000000004202093
Hybrid Sort,Random,460,0.00029999999995311555
Hybrid Sort,Random,465,0.0017000000003264404
Hybrid Sort,Random,465,0.0005999999999062311
Hybrid Sort,Random,470,0.0014000000003733248
Hybrid Sort,Random,470,0.0005000000005139782
Hybrid Sort,Random,475,0.0008000000004670937
Hybrid Sort,Random,475,0.0011999999998124622
Hybrid Sort,Random,480,0.0008000000004670937
Hybrid Sort,Random,480,0.00039999999934536845
Hybrid Sort,Random,485,0.000699999999298484
Hybrid Sort,Random,485,0.0004999999987376214
Hybrid Sort,Random,490,0.000699999999298484
Hybrid Sort,Random,490,0.00039999999934536845
Hybrid Sort,Random,495,0.0011000000004202093
Hybrid Sort,Random,495,0.00039999999934536845
Hybrid Sort,Random,500,0.0011000000004202093
Hybrid Sort,Random,500,0.00039999999934536845
Hybrid Sort,Random,505,0.0011000000004202093
Hybrid Sort,Random,505,0.00029999999995311555
Hybrid Sort,Random,510,0.001300000000981072
Hybrid Sort,Random,510,0.00039999999934536845
Hybrid Sort,Random,515,0.0011000000004202093
Hybrid Sort,Random,515,0.00029999999995311555
Hybrid Sort,Random,520,0.0010000000010279564
Hybrid Sort,Random,520,0.00039999999934536845
Hybrid Sort,Random,525,0.0007000000010748408
Hybrid Sort,Random,525,0.00039999999934536845
Hybrid Sort,Random,530,0.0009000000016357035
Hybrid Sort,Random,530,0.0004000000011217253
Hybrid Sort,Random,535,0.0009999999992515995
Hybrid Sort,Random,535,0.00039999999934536845
Hybrid Sort,Random,540,0.0010000000010279564
Hybrid Sort,Random,540,0.00039999999934536845
Hybrid Sort,Random,545,0.0010999999986438525
Hybrid Sort,Random,545,0.00039999999934536845
Hybrid Sort,Random,550,0.002000000000279556
Hybrid Sort,Random,550,0.0010999999986438525
Hybrid Sort,Random,555,0.0017999999997186933
Hybrid Sort,Random,555,0.0004999999987376214
Hybrid Sort,Random,560,0.0017999999997186933
Hybrid Sort,Random,560,0.00039999999934536845
Hybrid Sort,Random,565,0.0018999999991109462
Hybrid Sort,Random,565,0.0004000000011217253
Hybrid Sort,Random,570,0.0021000000014481657
Hybrid Sort,Random,570,0.0005000000005139782
Hybrid Sort,Random,575,0.0016000000009341875
Hybrid Sort,Random,575,0.00029999999995311555
Hybrid Sort,Random,580,0.0008999999998593466
Hybrid Sort,Random,580,0.00039999999934536845
Hybrid Sort,Random,585,0.0009999999992515995
Hybrid Sort,Random,585,0.00039999999934536845
Hybrid Sort,Random,590,0.0015999999991578306
Hybrid Sort,Random,590,0.0004999999987376214
Hybrid Sort,Random,595,0.0010000000010279564
Hybrid Sort,Random,595,0.001300000000981072
Hybrid Sort,Random,600,0.0008999999998593466
Hybrid Sort,Random,600,0.0014999999997655777
Hybrid Sort,Random,605,0.0011000000004202093
Hybrid Sort,Random,605,0.0004000000011217253
Hybrid Sort,Random,610,0.0010000000010279564
Hybrid Sort,Random,610,0.00039999999934536845
Hybrid Sort,Random,615,0.0011000000004202093
Hybrid Sort,Random,615,0.0004000000011217253
Hybrid Sort,Random,620,0.0007000000010748408
Hybrid Sort,Random,620,0.00039999999934536845
Hybrid Sort,Random,625,0.0016000000009341875
Hybrid Sort,Random,625,0.00039999999934536845
Hybrid Sort,Random,630,0.0018000000014950501
Hybrid Sort,Random,630,0.00029999999995311555
Hybrid Sort,Random,635,0.0014000000003733248
Hybrid Sort,Random,635,0.0005000000005139782
Hybrid Sort,Random,640,0.0014999999997655777
Hybrid Sort,Random,640,0.00039999999934536845
Hybrid Sort,Random,645,0.0011000000004202093
Hybrid Sort,Random,645,0.00039999999934536845
Hybrid Sort,Random,650,0.0017000000003264404
Hybrid Sort,Random,650,0.0004999999987376214
Hybrid Sort,Random,655,0.0011999999998124622
Hybrid Sort,Random,655,0.0004000000011217253
Hybrid Sort,Random,660,0.0009999999992515995
Hybrid Sort,Random,660,0.00029999999995311555
Hybrid Sort,Random,665,0.001300000000981072
Hybrid Sort,Random,665,0.00039999999934536845
Hybrid Sort,Random,670,0.0008999999998593466
Hybrid Sort,Random,670,0.0004000000011217253
Hybrid Sort,Random,675,0.0009999999992515995
Hybrid Sort,Random,675,0.0014000000003733248
Hybrid Sort,Random,680,0.0009999999992515995
Hybrid Sort,Random,680,0.0004000000011217253
Hybrid Sort,Random,685,0.0015000000015419346
Hybrid Sort,Random,685,0.0004999999987376214
Hybrid Sort,Random,690,0.0008999999998593466
Hybrid Sort,Random,690,0.0004000000011217253
Hybrid Sort,Random,695,0.0009999999992515995
Hybrid Sort,Random,695,0.00039999999934536845
Hybrid Sort,Random,700,0.0009000000016357035
Hybrid Sort,Random,700,0.0004999999987376214
Hybrid Sort,Random,705,0.0008999999998593466
Hybrid Sort,Random,705,0.001300000000981072
Hybrid Sort,Random,710,0.0011000000004202093
Hybrid Sort,Random,710,0.0005000000005139782
Hybrid Sort,Random,715,0.0010000000010279564
Hybrid Sort,Random,715,0.0004000000011217253
Hybrid Sort,Random,720,0.0016000000009341875
Hybrid Sort,Random,720,0.0005000000005139782
Hybrid Sort,Random,725,0.0014999999997655777
Hybrid Sort,Random,725,0.00029999999995311555
Hybrid Sort,Random,730,0.0010000000010279564
Hybrid Sort,Random,730,0.00039999999934536845
Hybrid Sort,Random,735,0.0008999999998593466
Hybrid Sort,Random,735,0.0014000000003733248
Hybrid Sort,Random,740,0.0008999999998593466
Hybrid Sort,Random,740,0.00039999999934536845
Hybrid Sort,Random,745,0.0008999999998593466
Hybrid Sort,Random,745,0.00029999999995311555
Hybrid Sort,Random,750,0.0010000000010279564
Hybrid Sort,Random,750,0.001299999999204715
Hybrid Sort,Random,755,0.0010000000010279564
Hybrid Sort,Random,755,0.00039999999934536845
Hybrid Sort,Random,760,0.0008999999998593466
Hybrid Sort,Random,760,0.0005000000005139782
Hybrid Sort,Random,765,0.0011000000004202093
Hybrid Sort,Random,765,0.0004000000011217253
Hybrid Sort,Random,770,0.0008999999998593466
Hybrid Sort,Random,770,0.00039999999934536845
Hybrid Sort,Random,775,0.0008999999998593466
Hybrid Sort,Random,775,0.0005999999999062311
Hybrid Sort,Random,780,0.0008999999998593466
Hybrid Sort,Random,780,0.0003999999975690116
Hybrid Sort,Random,785,0.0010000000010279564
Hybrid Sort,Random,785,0.001300000000981072
Hybrid Sort,Random,790,0.0010999999986438525
Hybrid Sort,Random,790,0.0004000000011217253
Hybrid Sort,Random,795,0.0014999999997655777
Hybrid Sort,Random,795,0.0004000000011217253
Hybrid Sort,Random,800,0.0010000000010279564
Hybrid Sort,Random,800,0.0004000000011217253
Hybrid Sort,Random,805,0.0020000000020559128
Hybrid Sort,Random,805,0.0004000000011217253
Hybrid Sort,Random,810,0.0010999999986438525
Hybrid Sort,Random,810,0.0004000000011217253
Hybrid Sort,Random,815,0.0009999999974752427
Hybrid Sort,Random,815,0.0004999999987376214
Hybrid Sort,Random,820,0.0012999999974283583
Hybrid Sort,Random,820,0.0004000000011217253
Hybrid Sort,Random,825,0.001300000000981072
Hybrid Sort,Random,825,0.0004000000011217253
Hybrid Sort,Random,830,0.0008999999998593466
Hybrid Sort,Random,830,0.0004000000011217253
Hybrid Sort,Random,835,0.0009999999974752427
Hybrid Sort,Random,835,0.0004000000011217253
Hybrid Sort,Random,840,0.0012999999974283583
Hybrid Sort,Random,840,0.0004000000011217253
Hybrid Sort,Random,845,0.0009999999974752427
Hybrid Sort,Random,845,0.0004000000011217253
Hybrid Sort,Random,850,0.0010999999986438525
Hybrid Sort,Random,850,0.00029999999995311555
Hybrid Sort,Random,855,0.0010000000010279564
Hybrid Sort,Random,855,0.0012999999974283583
Hybrid Sort,Random,860,0.0011999999998124622
Hybrid Sort,Random,860,0.0004999999987376214
Hybrid Sort,Random,865,0.0017999999997186933
Hybrid Sort,Random,865,0.0003999999975690116
Hybrid Sort,Random,870,0.0010999999986438525
Hybrid Sort,Random,870,0.0014000000021496817
Hybrid Sort,Random,875,0.0008999999998593466
Hybrid Sort,Random,875,0.0012999999974283583
Hybrid Sort,Random,880,0.0008999999998593466
Hybrid Sort,Random,880,0.001399999998596968
Hybrid Sort,Random,885,0.0010000000010279564
Hybrid Sort,Random,885,0.0012999999974283583
Hybrid Sort,Random,890,0.0011000000021965661
Hybrid Sort,Random,890,0.0004000000011217253
Hybrid Sort,Random,895,0.0011000000021965661
Hybrid Sort,Random,895,0.0004999999987376214
Hybrid Sort,Random,900,0.0008999999998593466
Hybrid Sort,Random,900,0.00029999999995311555
Hybrid Sort,Random,905,0.0010999999986438525
Hybrid Sort,Random,905,0.0004000000011217253
Hybrid Sort,Random,910,0.0011999999998124622
Hybrid Sort,Random,910,0.0004000000011217253
Hybrid Sort,Random,915,0.0010999999986438525
Hybrid Sort,Random,915,0.0004999999987376214
Hybrid Sort,Random,920,0.0011000000021965661
Hybrid Sort,Random,920,0.0004000000011217253
Hybrid Sort,Random,925,0.0010000000010279564
Hybrid Sort,Random,925,0.0004000000011217253
Hybrid Sort,Random,930,0.001399999998596968
Hybrid Sort,Random,930,0.0016999999985500835
Hybrid Sort,Random,935,0.001300000000981072
Hybrid Sort,Random,935,0.0003999999975690116
Hybrid Sort,Random,940,0.0008999999998593466
Hybrid Sort,Random,940,0.000500000002290335
Hybrid Sort,Random,945,0.0010999999986438525
Hybrid Sort,Random,945,0.0003999999975690116
Hybrid Sort,Random,950,0.0010999999986438525
Hybrid Sort,Random,950,0.001300000000981072
Hybrid Sort,Random,955,0.0010000000010279564
Hybrid Sort,Random,955,0.00029999999995311555
Hybrid Sort,Random,960,0.0010000000010279564
Hybrid Sort,Random,960,0.0004000000011217253
Hybrid Sort,Random,965,0.0010000000010279564
Hybrid Sort,Random,965,0.0004000000011217253
Hybrid Sort,Random,970,0.0011999999998124622
Hybrid Sort,Random,970,0.000500000002290335
Hybrid Sort,Random,975,0.0011999999998124622
Hybrid Sort,Random,975,0.0004000000011217253
Hybrid Sort,Random,980,0.0010000000010279564
Hybrid Sort,Random,980,0.0004000000011217253
Hybrid Sort,Random,985,0.0009999999974752427
Hybrid Sort,Random,985,0.0004999999987376214
Hybrid Sort,Random,990,0.0010000000010279564
Hybrid Sort,Random,990,0.0004000000011217253
Hybrid Sort,Random,995,0.0011999999998124622
Hybrid Sort,Random,995,0.0011999999998124622
Hybrid Sort,Random,1000,0.0008999999998593466
Hybrid Sort,Random,1000,0.0004999999987376214
Hybrid Sort,Random,1005,0.0014999999997655777
Hybrid Sort,Random,1005,0.0007999999986907369
Hybrid Sort,Random,1010,0.0011999999998124622
Hybrid Sort,Random,1010,0.001399999998596968
Hybrid Sort,Random,1015,0.0011999999998124622
Hybrid Sort,Random,1015,0.0004000000011217253
Hybrid Sort,Random,1020,0.0020000000020559128
Hybrid Sort,Random,1020,0.0008000000022434506
Hybrid Sort,Random,1025,0.0014999999997655777
Hybrid Sort,Random,1025,0.0004000000011217253
Hybrid Sort,Random,1030,0.0010000000010279564
Hybrid Sort,Random,1030,0.0004000000011217253
Hybrid Sort,Random,1035,0.0009999999974752427
Hybrid Sort,Random,1035,0.00029999999995311555
Hybrid Sort,Random,1040,0.0010999999986438525
Hybrid Sort,Random,1040,0.0004000000011217253
Hybrid Sort,Random,1045,0.0014999999997655777
Hybrid Sort,Random,1045,0.0003999999975690116
Hybrid Sort,Random,1050,0.0011999999998124622
Hybrid Sort,Random,1050,0.001300000000981072
Hybrid Sort,Random,1055,0.0010999999986438525
Hybrid Sort,Random,1055,0.0004000000011217253
Hybrid Sort,Random,1060,0.0009999999974752427
Hybrid Sort,Random,1060,0.0004000000011217253
Hybrid Sort,Random,1065,0.0012999999974283583
Hybrid Sort,Random,1065,0.0004000000011217253
Hybrid Sort,Random,1070,0.0015999999973814738
Hybrid Sort,Random,1070,0.0003999999975690116
Hybrid Sort,Random,1075,0.001900000000887303
Hybrid Sort,Random,1075,0.0016000000009341875
Hybrid Sort,Random,1080,0.0011000000021965661
Hybrid Sort,Random,1080,0.0004000000011217253
Hybrid Sort,Random,1085,0.001300000000981072
Hybrid Sort,Random,1085,0.0003999999975690116
Hybrid Sort,Random,1090,0.0010000000010279564
Hybrid Sort,Random,1090,0.0003999999975690116
Hybrid Sort,Random,1095,0.001999999998503199
Hybrid Sort,Random,1095,0.000500000002290335
Hybrid Sort,Random,1100,0.0015999999973814738
Hybrid Sort,Random,1100,0.0006999999975221272
Hybrid Sort,Random,1105,0.0017999999997186933
Hybrid Sort,Random,1105,0.0004000000011217253
Hybrid Sort,Random,1110,0.0016999999985500835
Hybrid Sort,Random,1110,0.0014999999997655777
Hybrid Sort,Random,1115,0.0014999999997655777
Hybrid Sort,Random,1115,0.0004000000011217253
Hybrid Sort,Random,1120,0.0014000000021496817
Hybrid Sort,Random,1120,0.0004000000011217253
Hybrid Sort,Random,1125,0.0014999999997655777
Hybrid Sort,Random,1125,0.0004000000011217253
Hybrid Sort,Random,1130,0.0022000000008404186
Hybrid Sort,Random,1130,0.0004999999987376214
Hybrid Sort,Random,1135,0.001900000000887303
Hybrid Sort,Random,1135,0.0003999999975690116
Hybrid Sort,Random,1140,0.0011999999998124622
Hybrid Sort,Random,1140,0.0004000000011217253
Hybrid Sort,Random,1145,0.0014999999997655777
Hybrid Sort,Random,1145,0.0004000000011217253
Hybrid Sort,Random,1150,0.0012999999974283583
Hybrid Sort,Random,1150,0.0004000000011217253
Hybrid Sort,Random,1155,0.001399999998596968
Hybrid Sort,Random,1155,0.0004999999987376214
Hybrid Sort,Random,1160,0.0016000000009341875
Hybrid Sort,Random,1160,0.0003999999975690116
Hybrid Sort,Random,1165,0.0011999999998124622
Hybrid Sort,Random,1165,0.001399999998596968
Hybrid Sort,Random,1170,0.0008999999998593466
Hybrid Sort,Random,1170,0.0004999999987376214
Hybrid Sort,Random,1175,0.0011999999998124622
Hybrid Sort,Random,1175,0.0004000000011217253
Hybrid Sort,Random,1180,0.0008999999998593466
Hybrid Sort,Random,1180,0.00029999999995311555
Hybrid Sort,Random,1185,0.0011999999998124622
Hybrid Sort,Random,1185,0.000500000002290335
Hybrid Sort,Random,1190,0.0009999999974752427
Hybrid Sort,Random,1190,0.0003999999975690116
Hybrid Sort,Random,1195,0.0016000000009341875
Hybrid Sort,Random,1195,0.0004000000011217253
Hybrid Sort,Random,1200,0.0015999999973814738
Hybrid Sort,Random,1200,0.0016999999985500835
Hybrid Sort,Random,1205,0.001399999998596968
Hybrid Sort,Random,1205,0.0015999999973814738
Hybrid Sort,Random,1210,0.0014000000021496817
Hybrid Sort,Random,1210,0.000500000002290335
Hybrid Sort,Random,1215,0.0008999999998593466
Hybrid Sort,Random,1215,0.0004000000011217253
Hybrid Sort,Random,1220,0.0017999999997186933
Hybrid Sort,Random,1220,0.0007000000010748408
Hybrid Sort,Random,1225,0.001300000000981072
Hybrid Sort,Random,1225,0.000500000002290335
Hybrid Sort,Random,1230,0.0011999999998124622
Hybrid Sort,Random,1230,0.0004000000011217253
Hybrid Sort,Random,1235,0.0006999999975221272
Hybrid Sort,Random,1235,0.0005999999999062311
Hybrid Sort,Random,1240,0.0010000000010279564
Hybrid Sort,Random,1240,0.0017000000021027972
Hybrid Sort,Random,1245,0.0011999999998124622
Hybrid Sort,Random,1245,0.0003999999975690116
Hybrid Sort,Random,1250,0.0008000000022434506
Hybrid Sort,Random,1250,0.0004999999987376214
Hybrid Sort,Random,1255,0.0018999999973345894
Hybrid Sort,Random,1255,0.0011999999998124622
Hybrid Sort,Random,1260,0.0014999999997655777
Hybrid Sort,Random,1260,0.000500000002290335
Hybrid Sort,Random,1265,0.0006999999975221272
Hybrid Sort,Random,1265,0.0003999999975690116
Hybrid Sort,Random,1270,0.0007999999986907369
Hybrid Sort,Random,1270,0.0017999999997186933
Hybrid Sort,Random,1275,0.0011999999998124622
Hybrid Sort,Random,1275,0.0003999999975690116
Hybrid Sort,Random,1280,0.0011999999998124622
Hybrid Sort,Random,1280,0.0005999999999062311
Hybrid Sort,Random,1285,0.0006999999975221272
Hybrid Sort,Random,1285,0.00029999999995311555
Hybrid Sort,Random,1290,0.0008000000022434506
Hybrid Sort,Random,1290,0.0004000000011217253
Hybrid Sort,Random,1295,0.001399999998596968
Hybrid Sort,Random,1295,0.0012999999974283583
Hybrid Sort,Random,1300,0.0016000000009341875
Hybrid Sort,Random,1300,0.0004999999987376214
Hybrid Sort,Random,1305,0.0008999999998593466
Hybrid Sort,Random,1305,0.0017999999997186933
Hybrid Sort,Random,1310,0.001900000000887303
Hybrid Sort,Random,1310,0.000500000002290335
Hybrid Sort,Random,1315,0.001399999998596968
Hybrid Sort,Random,1315,0.0006999999975221272
Hybrid Sort,Random,1320,0.0014999999997655777
Hybrid Sort,Random,1320,0.0004999999987376214
Hybrid Sort,Random,1325,0.001300000000981072
Hybrid Sort,Random,1325,0.0017999999997186933
Hybrid Sort,Random,1330,0.0011999999998124622
Hybrid Sort,Random,1330,0.0003999999975690116
Hybrid Sort,Random,1335,0.0010000000010279564
Hybrid Sort,Random,1335,0.0017999999997186933
Hybrid Sort,Random,1340,0.001399999998596968
Hybrid Sort,Random,1340,0.0004000000011217253
Hybrid Sort,Random,1345,0.0020000000020559128
Hybrid Sort,Random,1345,0.0004999999987376214
Hybrid Sort,Random,1350,0.0014000000021496817
Hybrid Sort,Random,1350,0.0017000000021027972
Hybrid Sort,Random,1355,0.0014999999997655777
Hybrid Sort,Random,1355,0.0003999999975690116
Hybrid Sort,Random,1360,0.0012000000033651759
Hybrid Sort,Random,1360,0.0004000000011217253
Hybrid Sort,Random,1365,0.0014999999997655777
Hybrid Sort,Random,1365,0.0004000000011217253
Hybrid Sort,Random,1370,0.0007999999986907369
Hybrid Sort,Random,1370,0.00259999999840943
Hybrid Sort,Random,1375,0.0011999999998124622
Hybrid Sort,Random,1375,0.00029999999995311555
Hybrid Sort,Random,1380,0.0010000000010279564
Hybrid Sort,Random,1380,0.0003999999975690116
Hybrid Sort,Random,1385,0.0023999999996249244
Hybrid Sort,Random,1385,0.0004999999987376214
Hybrid Sort,Random,1390,0.0010000000010279564
Hybrid Sort,Random,1390,0.0004999999987376214
Hybrid Sort,Random,1395,0.0016000000009341875
Hybrid Sort,Random,1395,0.0004999999987376214
Hybrid Sort,Random,1400,0.0010000000010279564
Hybrid Sort,Random,1400,0.0004000000011217253
Hybrid Sort,Random,1405,0.0011999999998124622
Hybrid Sort,Random,1405,0.0004000000011217253
Hybrid Sort,Random,1410,0.0007999999986907369
Hybrid Sort,Random,1410,0.001900000000887303
Hybrid Sort,Random,1415,0.0014999999997655777
Hybrid Sort,Random,1415,0.0004000000011217253
Hybrid Sort,Random,1420,0.0011999999998124622
Hybrid Sort,Random,1420,0.0004000000011217253
Hybrid Sort,Random,1425,0.0017000000021027972
Hybrid Sort,Random,1425,0.0004000000011217253
Hybrid Sort,Random,1430,0.0012999999974283583
Hybrid Sort,Random,1430,0.0004000000011217253
Hybrid Sort,Random,1435,0.0017999999997186933
Hybrid Sort,Random,1435,0.001300000000981072
Hybrid Sort,Random,1440,0.001399999998596968
Hybrid Sort,Random,1440,0.0003999999975690116
Hybrid Sort,Random,1445,0.0009000000034120603
Hybrid Sort,Random,1445,0.0004000000011217253
Hybrid Sort,Random,1450,0.0008999999998593466
Hybrid Sort,Random,1450,0.000500000002290335
Hybrid Sort,Random,1455,0.0007000000010748408
Hybrid Sort,Random,1455,0.0003999999975690116
Hybrid Sort,Random,1460,0.0006999999975221272
Hybrid Sort,Random,1460,0.001999999998503199
Hybrid Sort,Random,1465,0.0012999999974283583
Hybrid Sort,Random,1465,0.0005999999999062311
Hybrid Sort,Random,1470,0.0007999999986907369
Hybrid Sort,Random,1470,0.0016999999985500835
Hybrid Sort,Random,1475,0.0010999999986438525
Hybrid Sort,Random,1475,0.0004000000011217253
Hybrid Sort,Random,1480,0.0006999999975221272
Hybrid Sort,Random,1480,0.0005999999999062311
Hybrid Sort,Random,1485,0.0008999999998593466
Hybrid Sort,Random,1485,0.000500000002290335
Hybrid Sort,Random,1490,0.0007000000010748408
Hybrid Sort,Random,1490,0.00029999999995311555
Hybrid Sort,Random,1495,0.002600000001962144
Hybrid Sort,Random,1495,0.0004000000011217253
Hybrid Sort,Random,1500,0.0017999999997186933
Hybrid Sort,Random,1500,0.0004000000011217253
Hybrid Sort,Random,1505,0.001399999998596968
Hybrid Sort,Random,1505,0.001300000000981072
Hybrid Sort,Random,1510,0.0016000000009341875
Hybrid Sort,Random,1510,0.0004000000011217253
Hybrid Sort,Random,1515,0.001300000000981072
Hybrid Sort,Random,1515,0.0007000000010748408
Hybrid Sort,Random,1520,0.0008999999998593466
Hybrid Sort,Random,1520,0.0016000000009341875
Hybrid Sort,Random,1525,0.0014999999997655777
Hybrid Sort,Random,1525,0.0005999999999062311
Hybrid Sort,Random,1530,0.0017999999997186933
Hybrid Sort,Random,1530,0.0003999999975690116
Hybrid Sort,Random,1535,0.0007999999986907369
Hybrid Sort,Random,1535,0.0022000000008404186
Hybrid Sort,Random,1540,0.001300000000981072
Hybrid Sort,Random,1540,0.0003999999975690116
Hybrid Sort,Random,1545,0.0014000000021496817
Hybrid Sort,Random,1545,0.0003999999975690116
Hybrid Sort,Random,1550,0.0014999999997655777
Hybrid Sort,Random,1550,0.0004999999987376214
Hybrid Sort,Random,1555,0.0010999999986438525
Hybrid Sort,Random,1555,0.0005999999999062311
Hybrid Sort,Random,1560,0.0008999999998593466
Hybrid Sort,Random,1560,0.0003999999975690116
Hybrid Sort,Random,1565,0.0007999999986907369
Hybrid Sort,Random,1565,0.0031999999983156613
Hybrid Sort,Random,1570,0.0011000000021965661
Hybrid Sort,Random,1570,0.0004000000011217253
Hybrid Sort,Random,1575,0.0017000000021027972
Hybrid Sort,Random,1575,0.001300000000981072
Hybrid Sort,Random,1580,0.0010999999986438525
Hybrid Sort,Random,1580,0.0004999999987376214
Hybrid Sort,Random,1585,0.001300000000981072
Hybrid Sort,Random,1585,0.0022000000008404186
Hybrid Sort,Random,1590,0.0014999999997655777
Hybrid Sort,Random,1590,0.0004999999987376214
Hybrid Sort,Random,1595,0.0009999999974752427
Hybrid Sort,Random,1595,0.0004000000011217253
Hybrid Sort,Random,1600,0.001399999998596968
Hybrid Sort,Random,1600,0.0004000000011217253
Hybrid Sort,Random,1605,0.0016999999985500835
Hybrid Sort,Random,1605,0.000500000002290335
Hybrid Sort,Random,1610,0.0014999999997655777
Hybrid Sort,Random,1610,0.002500000000793534
Hybrid Sort,Random,1615,0.0011999999998124622
Hybrid Sort,Random,1615,0.0003999999975690116
Hybrid Sort,Random,1620,0.0008000000022434506
Hybrid Sort,Random,1620,0.0023000000020090283
Hybrid Sort,Random,1625,0.0008999999998593466
Hybrid Sort,Random,1625,0.0003999999975690116
Hybrid Sort,Random,1630,0.0017999999997186933
Hybrid Sort,Random,1630,0.000500000002290335
Hybrid Sort,Random,1635,0.0014999999997655777
Hybrid Sort,Random,1635,0.0004000000011217253
Hybrid Sort,Random,1640,0.0007999999986907369
Hybrid Sort,Random,1640,0.0004000000011217253
Hybrid Sort,Random,1645,0.0007999999986907369
Hybrid Sort,Random,1645,0.0004999999987376214
Hybrid Sort,Random,1650,0.0020000000020559128
Hybrid Sort,Random,1650,0.0004999999987376214
Hybrid Sort,Random,1655,0.0014999999997655777
Hybrid Sort,Random,1655,0.0003999999975690116
Hybrid Sort,Random,1660,0.002600000001962144
Hybrid Sort,Random,1660,0.0004999999987376214
Hybrid Sort,Random,1665,0.0017999999997186933
Hybrid Sort,Random,1665,0.0004000000011217253
Hybrid Sort,Random,1670,0.0011999999998124622
Hybrid Sort,Random,1670,0.00029999999995311555
Hybrid Sort,Random,1675,0.0007999999986907369
Hybrid Sort,Random,1675,0.0004999999987376214
Hybrid Sort,Random,1680,0.0008999999998593466
Hybrid Sort,Random,1680,0.0006999999975221272
Hybrid Sort,Random,1685,0.001399999998596968
Hybrid Sort,Random,1685,0.0004000000011217253
Hybrid Sort,Random,1690,0.0014999999997655777
Hybrid Sort,Random,1690,0.000500000002290335
Hybrid Sort,Random,1695,0.001900000000887303
Hybrid Sort,Random,1695,0.0004999999987376214
Hybrid Sort,Random,1700,0.0014000000021496817
Hybrid Sort,Random,1700,0.0004000000011217253
Hybrid Sort,Random,1705,0.0017999999997186933
Hybrid Sort,Random,1705,0.0007000000010748408
Hybrid Sort,Random,1710,0.0016000000009341875
Hybrid Sort,Random,1710,0.0011000000021965661
Hybrid Sort,Random,1715,0.0014999999997655777
Hybrid Sort,Random,1715,0.0004000000011217253
Hybrid Sort,Random,1720,0.0007999999986907369
Hybrid Sort,Random,1720,0.00259999999840943
Hybrid Sort,Random,1725,0.0008999999998593466
Hybrid Sort,Random,1725,0.0004000000011217253
Hybrid Sort,Random,1730,0.0018999999973345894
Hybrid Sort,Random,1730,0.0004000000011217253
Hybrid Sort,Random,1735,0.0010000000010279564
Hybrid Sort,Random,1735,0.0004000000011217253
Hybrid Sort,Random,1740,0.0011999999998124622
Hybrid Sort,Random,1740,0.0016000000009341875
Hybrid Sort,Random,1745,0.0017999999997186933
Hybrid Sort,Random,1745,0.0004999999987376214
Hybrid Sort,Random,1750,0.0011999999998124622
Hybrid Sort,Random,1750,0.001300000000981072
Hybrid Sort,Random,1755,0.0016999999985500835
Hybrid Sort,Random,1755,0.0017000000021027972
Hybrid Sort,Random,1760,0.0011000000021965661
Hybrid Sort,Random,1760,0.0012999999974283583
Hybrid Sort,Random,1765,0.0014000000021496817
Hybrid Sort,Random,1765,0.001900000000887303
Hybrid Sort,Random,1770,0.0011999999998124622
Hybrid Sort,Random,1770,0.0004999999987376214
Hybrid Sort,Random,1775,0.001300000000981072
Hybrid Sort,Random,1775,0.0016999999985500835
Hybrid Sort,Random,1780,0.001399999998596968
Hybrid Sort,Random,1780,0.0004000000011217253
Hybrid Sort,Random,1785,0.0014999999997655777
Hybrid Sort,Random,1785,0.0005999999999062311
Hybrid Sort,Random,1790,0.0012999999974283583
Hybrid Sort,Random,1790,0.0004000000011217253
Hybrid Sort,Random,1795,0.0011000000021965661
Hybrid Sort,Random,1795,0.0004999999987376214
Hybrid Sort,Random,1800,0.0014999999997655777
Hybrid Sort,Random,1800,0.0004999999987376214
Hybrid Sort,Random,1805,0.0014999999997655777
Hybrid Sort,Random,1805,0.0015999999973814738
Hybrid Sort,Random,1810,0.0012999999974283583
Hybrid Sort,Random,1810,0.001800000003271407
Hybrid Sort,Random,1815,0.0014000000021496817
Hybrid Sort,Random,1815,0.0016000000009341875
Hybrid Sort,Random,1820,0.0011999999998124622
Hybrid Sort,Random,1820,0.0003999999975690116
Hybrid Sort,Random,1825,0.0016000000009341875
Hybrid Sort,Random,1825,0.0007999999986907369
Hybrid Sort,Random,1830,0.001300000000981072
Hybrid Sort,Random,1830,0.001399999998596968
Hybrid Sort,Random,1835,0.001300000000981072
Hybrid Sort,Random,1835,0.0017999999997186933
Hybrid Sort,Random,1840,0.0010000000010279564
Hybrid Sort,Random,1840,0.001399999998596968
Hybrid Sort,Random,1845,0.001300000000981072
Hybrid Sort,Random,1845,0.0016000000009341875
Hybrid Sort,Random,1850,0.001300000000981072
Hybrid Sort,Random,1850,0.0004000000011217253
Hybrid Sort,Random,1855,0.0016999999985500835
Hybrid Sort,Random,1855,0.0004999999987376214
Hybrid Sort,Random,1860,0.0014999999997655777
Hybrid Sort,Random,1860,0.0005999999999062311
Hybrid Sort,Random,1865,0.0011999999998124622
Hybrid Sort,Random,1865,0.0004999999987376214
Hybrid Sort,Random,1870,0.0011000000021965661
Hybrid Sort,Random,1870,0.0003999999975690116
Hybrid Sort,Random,1875,0.0014000000021496817
Hybrid Sort,Random,1875,0.0017999999997186933
Hybrid Sort,Random,1880,0.0011999999998124622
Hybrid Sort,Random,1880,0.0004000000011217253
Hybrid Sort,Random,1885,0.0017000000021027972
Hybrid Sort,Random,1885,0.0005999999999062311
Hybrid Sort,Random,1890,0.001300000000981072
Hybrid Sort,Random,1890,0.001999999998503199
Hybrid Sort,Random,1895,0.001300000000981072
Hybrid Sort,Random,1895,0.0004000000011217253
Hybrid Sort,Random,1900,0.0016999999985500835
Hybrid Sort,Random,1900,0.0010000000010279564
Hybrid Sort,Random,1905,0.001300000000981072
Hybrid Sort,Random,1905,0.0016999999985500835
Hybrid Sort,Random,1910,0.0011999999998124622
Hybrid Sort,Random,1910,0.0017999999997186933
Hybrid Sort,Random,1915,0.0011999999998124622
Hybrid Sort,Random,1915,0.0011999999998124622
Hybrid Sort,Random,1920,0.0011999999998124622
Hybrid Sort,Random,1920,0.001800000003271407
Hybrid Sort,Random,1925,0.0011000000021965661
Hybrid Sort,Random,1925,0.0004999999987376214
Hybrid Sort,Random,1930,0.0006999999975221272
Hybrid Sort,Random,1930,0.0003999999975690116
Hybrid Sort,Random,1935,0.0008999999998593466
Hybrid Sort,Random,1935,0.0018999999973345894
Hybrid Sort,Random,1940,0.0016999999985500835
Hybrid Sort,Random,1940,0.0004999999987376214
Hybrid Sort,Random,1945,0.0014999999997655777
Hybrid Sort,Random,1945,0.0016999999985500835
Hybrid Sort,Random,1950,0.0011999999998124622
Hybrid Sort,Random,1950,0.0017000000021027972
Hybrid Sort,Random,1955,0.0016000000009341875
Hybrid Sort,Random,1955,0.000500000002290335
Hybrid Sort,Random,1960,0.0014999999997655777
Hybrid Sort,Random,1960,0.0004000000011217253
Hybrid Sort,Random,1965,0.0011999999998124622
Hybrid Sort,Random,1965,0.0011999999998124622
Hybrid Sort,Random,1970,0.0012999999974283583
Hybrid Sort,Random,1970,0.0016999999985500835
Hybrid Sort,Random,1975,0.0010999999986438525
Hybrid Sort,Random,1975,0.001300000000981072
Hybrid Sort,Random,1980,0.0010000000010279564
Hybrid Sort,Random,1980,0.0004999999987376214
Hybrid Sort,Random,1985,0.0010000000010279564
Hybrid Sort,Random,1985,0.000500000002290335
Hybrid Sort,Random,1990,0.001399999998596968
Hybrid Sort,Random,1990,0.0004000000011217253
Hybrid Sort,Random,1995,0.0014000000021496817
Hybrid Sort,Random,1995,0.0022999999984563146
Hybrid Sort,Random,2000,0.001300000000981072
Hybrid Sort,Random,2000,0.001300000000981072
Hybrid Sort,Random,2005,0.0011999999998124622
Hybrid Sort,Random,2005,0.0004999999987376214
Hybrid Sort,Random,2010,0.0008999999998593466
Hybrid Sort,Random,2010,0.0004999999987376214
Hybrid Sort,Random,2015,0.0010000000010279564
Hybrid Sort,Random,2015,0.002600000001962144
Hybrid Sort,Random,2020,0.001399999998596968
Hybrid Sort,Random,2020,0.001300000000981072
Hybrid Sort,Random,2025,0.0010999999986438525
Hybrid Sort,Random,2025,0.0017999999997186933
Hybrid Sort,Random,2030,0.0010999999986438525
Hybrid Sort,Random,2030,0.0011999999998124622
Hybrid Sort,Random,2035,0.001399999998596968
Hybrid Sort,Random,2035,0.0017000000021027972
Hybrid Sort,Random,2040,0.0010999999986438525
Hybrid Sort,Random,2040,0.0003999999975690116
Hybrid Sort,Random,2045,0.0010999999986438525
Hybrid Sort,Random,2045,0.001300000000981072
Hybrid Sort,Random,2050,0.001300000000981072
Hybrid Sort,Random,2050,0.0017000000021027972
Hybrid Sort,Random,2055,0.0016000000009341875
Hybrid Sort,Random,2055,0.0006999999975221272
Hybrid Sort,Random,2060,0.0011999999998124622
Hybrid Sort,Random,2060,0.0004000000011217253
Hybrid Sort,Random,2065,0.0011999999998124622
Hybrid Sort,Random,2065,0.0016000000009341875
Hybrid Sort,Random,2070,0.0011000000021965661
Hybrid Sort,Random,2070,0.0004000000011217253
Hybrid Sort,Random,2075,0.0008999999998593466
Hybrid Sort,Random,2075,0.0004999999987376214
Hybrid Sort,Random,2080,0.0008000000022434506
Hybrid Sort,Random,2080,0.0004000000011217253
Hybrid Sort,Random,2085,0.0017000000021027972
Hybrid Sort,Random,2085,0.001300000000981072
Hybrid Sort,Random,2090,0.0017999999997186933
Hybrid Sort,Random,2090,0.0012999999974283583
Hybrid Sort,Random,2095,0.0011000000021965661
Hybrid Sort,Random,2095,0.0004999999987376214
Hybrid Sort,Random,2100,0.0014000000021496817
Hybrid Sort,Random,2100,0.0017999999997186933
Hybrid Sort,Random,2105,0.0014999999997655777
Hybrid Sort,Random,2105,0.0004000000011217253
Hybrid Sort,Random,2110,0.0016000000009341875
Hybrid Sort,Random,2110,0.0023999999996249244
Hybrid Sort,Random,2115,0.001300000000981072
Hybrid Sort,Random,2115,0.0017000000021027972
Hybrid Sort,Random,2120,0.0011999999998124622
Hybrid Sort,Random,2120,0.0004000000011217253
Hybrid Sort,Random,2125,0.0016000000009341875
Hybrid Sort,Random,2125,0.0014999999997655777
Hybrid Sort,Random,2130,0.0011999999998124622
Hybrid Sort,Random,2130,0.0017999999997186933
Hybrid Sort,Random,2135,0.001399999998596968
Hybrid Sort,Random,2135,0.0015999999973814738
Hybrid Sort,Random,2140,0.0010000000010279564
Hybrid Sort,Random,2140,0.001399999998596968
Hybrid Sort,Random,2145,0.0014999999997655777
Hybrid Sort,Random,2145,0.0016000000009341875
Hybrid Sort,Random,2150,0.001300000000981072
Hybrid Sort,Random,2150,0.0005999999999062311
Hybrid Sort,Random,2155,0.0007999999986907369
Hybrid Sort,Random,2155,0.0028000000007466497
Hybrid Sort,Random,2160,0.001300000000981072
Hybrid Sort,Random,2160,0.000500000002290335
Hybrid Sort,Random,2165,0.0017000000021027972
Hybrid Sort,Random,2165,0.001800000003271407
Hybrid Sort,Random,2170,0.0011000000021965661
Hybrid Sort,Random,2170,0.000500000002290335
Hybrid Sort,Random,2175,0.0012000000033651759
Hybrid Sort,Random,2175,0.0004000000011217253
Hybrid Sort,Random,2180,0.001300000000981072
Hybrid Sort,Random,2180,0.0011999999998124622
Hybrid Sort,Random,2185,0.0016000000009341875
Hybrid Sort,Random,2185,0.0004000000011217253
Hybrid Sort,Random,2190,0.0012999999974283583
Hybrid Sort,Random,2190,0.00029999999995311555
Hybrid Sort,Random,2195,0.0008000000022434506
Hybrid Sort,Random,2195,0.0016999999985500835
Hybrid Sort,Random,2200,0.0015000000033182914
Hybrid Sort,Random,2200,0.0004999999987376214
Hybrid Sort,Random,2205,0.0016999999985500835
Hybrid Sort,Random,2205,0.0008999999998593466
Hybrid Sort,Random,2210,0.0034000000006528808
Hybrid Sort,Random,2210,0.0004999999987376214
Hybrid Sort,Random,2215,0.0011999999998124622
Hybrid Sort,Random,2215,0.0004000000011217253
Hybrid Sort,Random,2220,0.0016000000009341875
Hybrid Sort,Random,2220,0.0004000000011217253
Hybrid Sort,Random,2225,0.001399999998596968
Hybrid Sort,Random,2225,0.0003999999975690116
Hybrid Sort,Random,2230,0.001300000000981072
Hybrid Sort,Random,2230,0.0004999999987376214
Hybrid Sort,Random,2235,0.0016999999985500835
Hybrid Sort,Random,2235,0.0017999999997186933
Hybrid Sort,Random,2240,0.0010999999986438525
Hybrid Sort,Random,2240,0.0004000000011217253
Hybrid Sort,Random,2245,0.001399999998596968
Hybrid Sort,Random,2245,0.000500000002290335
Hybrid Sort,Random,2250,0.0017000000021027972
Hybrid Sort,Random,2250,0.001300000000981072
Hybrid Sort,Random,2255,0.0016999999985500835
Hybrid Sort,Random,2255,0.0006000000034589448
Hybrid Sort,Random,2260,0.0031000000006997652
Hybrid Sort,Random,2260,0.0004999999987376214
Hybrid Sort,Random,2265,0.0011999999998124622
Hybrid Sort,Random,2265,0.0017000000021027972
Hybrid Sort,Random,2270,0.0011000000021965661
Hybrid Sort,Random,2270,0.0011999999998124622
Hybrid Sort,Random,2275,0.001399999998596968
Hybrid Sort,Random,2275,0.0016000000009341875
Hybrid Sort,Random,2280,0.0016000000009341875
Hybrid Sort,Random,2280,0.0012000000033651759
Hybrid Sort,Random,2285,0.0014999999997655777
Hybrid Sort,Random,2285,0.000500000002290335
Hybrid Sort,Random,2290,0.001399999998596968
Hybrid Sort,Random,2290,0.0004999999987376214
Hybrid Sort,Random,2295,0.0017999999997186933
Hybrid Sort,Random,2295,0.0004999999987376214
Hybrid Sort,Random,2300,0.0016000000009341875
Hybrid Sort,Random,2300,0.0014999999997655777
Hybrid Sort,Random,2305,0.001300000000981072
Hybrid Sort,Random,2305,0.0016000000009341875
Hybrid Sort,Random,2310,0.0011999999998124622
Hybrid Sort,Random,2310,0.0014999999997655777
Hybrid Sort,Random,2315,0.0010999999986438525
Hybrid Sort,Random,2315,0.0004999999987376214
Hybrid Sort,Random,2320,0.0014000000021496817
Hybrid Sort,Random,2320,0.0005999999999062311
Hybrid Sort,Random,2325,0.0011999999998124622
Hybrid Sort,Random,2325,0.0017000000021027972
Hybrid Sort,Random,2330,0.001399999998596968
Hybrid Sort,Random,2330,0.0003999999975690116
Hybrid Sort,Random,2335,0.0016999999985500835
Hybrid Sort,Random,2335,0.0004999999987376214
Hybrid Sort,Random,2340,0.0011999999998124622
Hybrid Sort,Random,2340,0.000500000002290335
Hybrid Sort,Random,2345,0.0014999999997655777
Hybrid Sort,Random,2345,0.001300000000981072
Hybrid Sort,Random,2350,0.0010999999986438525
Hybrid Sort,Random,2350,0.0004999999987376214
Hybrid Sort,Random,2355,0.0011999999998124622
Hybrid Sort,Random,2355,0.0012999999974283583
Hybrid Sort,Random,2360,0.0011000000021965661
Hybrid Sort,Random,2360,0.0004999999987376214
Hybrid Sort,Random,2365,0.0014999999997655777
Hybrid Sort,Random,2365,0.002099999999671809
Hybrid Sort,Random,2370,0.0014999999997655777
Hybrid Sort,Random,2370,0.001399999998596968
Hybrid Sort,Random,2375,0.0014999999997655777
Hybrid Sort,Random,2375,0.0016000000009341875
Hybrid Sort,Random,2380,0.0011000000021965661
Hybrid Sort,Random,2380,0.0003999999975690116
Hybrid Sort,Random,2385,0.0010999999986438525
Hybrid Sort,Random,2385,0.0004000000011217253
Hybrid Sort,Random,2390,0.0014000000021496817
Hybrid Sort,Random,2390,0.0016000000009341875
Hybrid Sort,Random,2395,0.001399999998596968
Hybrid Sort,Random,2395,0.0004999999987376214
Hybrid Sort,Random,2400,0.0012999999974283583
Hybrid Sort,Random,2400,0.0017999999997186933
Hybrid Sort,Random,2405,0.0011999999998124622
Hybrid Sort,Random,2405,0.0016000000009341875
Hybrid Sort,Random,2410,0.001399999998596968
Hybrid Sort,Random,2410,0.0017999999997186933
Hybrid Sort,Random,2415,0.0017999999997186933
Hybrid Sort,Random,2415,0.000500000002290335
Hybrid Sort,Random,2420,0.0014000000021496817
Hybrid Sort,Random,2420,0.0004999999987376214
Hybrid Sort,Random,2425,0.0010999999986438525
Hybrid Sort,Random,2425,0.0003999999975690116
Hybrid Sort,Random,2430,0.0015999999973814738
Hybrid Sort,Random,2430,0.0004999999987376214
Hybrid Sort,Random,2435,0.0014999999997655777
Hybrid Sort,Random,2435,0.001399999998596968
Hybrid Sort,Random,2440,0.0010999999986438525
Hybrid Sort,Random,2440,0.0012999999974283583
Hybrid Sort,Random,2445,0.0014999999997655777
Hybrid Sort,Random,2445,0.001300000000981072
Hybrid Sort,Random,2450,0.0014999999997655777
Hybrid Sort,Random,2450,0.0004999999987376214
Hybrid Sort,Random,2455,0.001300000000981072
Hybrid Sort,Random,2455,0.000500000002290335
Hybrid Sort,Random,2460,0.001399999998596968
Hybrid Sort,Random,2460,0.0004999999987376214
Hybrid Sort,Random,2465,0.001399999998596968
Hybrid Sort,Random,2465,0.0016000000009341875
Hybrid Sort,Random,2470,0.0011999999998124622
Hybrid Sort,Random,2470,0.0015000000033182914
Hybrid Sort,Random,2475,0.001300000000981072
Hybrid Sort,Random,2475,0.0011999999998124622
Hybrid Sort,Random,2480,0.0017999999997186933
Hybrid Sort,Random,2480,0.0014999999997655777
Hybrid Sort,Random,2485,0.0010000000010279564
Hybrid Sort,Random,2485,0.000500000002290335
Hybrid Sort,Random,2490,0.001399999998596968
Hybrid Sort,Random,2490,0.0017000000021027972
Hybrid Sort,Random,2495,0.0009999999974752427
Hybrid Sort,Random,2495,0.0004999999987376214
Hybrid Sort,Random,2500,0.0018999999973345894
Hybrid Sort,Random,2500,0.000500000002290335
Hybrid Sort,Random,2505,0.0014000000021496817
Hybrid Sort,Random,2505,0.0014999999997655777
Hybrid Sort,Random,2510,0.0011999999998124622
Hybrid Sort,Random,2510,0.0015999999973814738
Hybrid Sort,Random,2515,0.0011000000021965661
Hybrid Sort,Random,2515,0.0015999999973814738
Hybrid Sort,Random,2520,0.0011999999998124622
Hybrid Sort,Random,2520,0.0004999999987376214
Hybrid Sort,Random,2525,0.0014999999997655777
Hybrid Sort,Random,2525,0.001300000000981072
Hybrid Sort,Random,2530,0.0010999999986438525
Hybrid Sort,Random,2530,0.000500000002290335
Hybrid Sort,Random,2535,0.0010999999986438525
Hybrid Sort,Random,2535,0.0011999999998124622
Hybrid Sort,Random,2540,0.001399999998596968
Hybrid Sort,Random,2540,0.000500000002290335
Hybrid Sort,Random,2545,0.0015999999973814738
Hybrid Sort,Random,2545,0.0003999999975690116
Hybrid Sort,Random,2550,0.0016999999985500835
Hybrid Sort,Random,2550,0.000500000002290335
Hybrid Sort,Random,2555,0.0014999999997655777
Hybrid Sort,Random,2555,0.001300000000981072
Hybrid Sort,Random,2560,0.0014999999997655777
Hybrid Sort,Random,2560,0.0016000000009341875
Hybrid Sort,Random,2565,0.0011999999998124622
Hybrid Sort,Random,2565,0.0015999999973814738
Hybrid Sort,Random,2570,0.0014999999997655777
Hybrid Sort,Random,2570,0.0022000000008404186
Hybrid Sort,Random,2575,0.001399999998596968
Hybrid Sort,Random,2575,0.0017999999997186933
Hybrid Sort,Random,2580,0.001399999998596968
Hybrid Sort,Random,2580,0.0004999999987376214
Hybrid Sort,Random,2585,0.0017000000021027972
Hybrid Sort,Random,2585,0.0004000000011217253
Hybrid Sort,Random,2590,0.001999999998503199
Hybrid Sort,Random,2590,0.0004000000011217253
Hybrid Sort,Random,2595,0.0008000000022434506
Hybrid Sort,Random,2595,0.0017999999997186933
Hybrid Sort,Random,2600,0.0016000000009341875
Hybrid Sort,Random,2600,0.0005999999999062311
Hybrid Sort,Random,2605,0.0015999999973814738
Hybrid Sort,Random,2605,0.0004000000011217253
Hybrid Sort,Random,2610,0.0008999999998593466
Hybrid Sort,Random,2610,0.0016000000009341875
Hybrid Sort,Random,2615,0.0011000000021965661
Hybrid Sort,Random,2615,0.001300000000981072
Hybrid Sort,Random,2620,0.0010999999986438525
Hybrid Sort,Random,2620,0.0011999999998124622
Hybrid Sort,Random,2625,0.0009999999974752427
Hybrid Sort,Random,2625,0.0011999999998124622
Hybrid Sort,Random,2630,0.0008999999998593466
Hybrid Sort,Random,2630,0.0012999999974283583
Hybrid Sort,Random,2635,0.0014999999997655777
Hybrid Sort,Random,2635,0.0011999999998124622
Hybrid Sort,Random,2640,0.0016000000009341875
Hybrid Sort,Random,2640,0.0004999999987376214
Hybrid Sort,Random,2645,0.0014999999997655777
Hybrid Sort,Random,2645,0.0016000000009341875
Hybrid Sort,Random,2650,0.0020000000020559128
Hybrid Sort,Random,2650,0.000500000002290335
Hybrid Sort,Random,2655,0.0016000000009341875
Hybrid Sort,Random,2655,0.001399999998596968
Hybrid Sort,Random,2660,0.001399999998596968
Hybrid Sort,Random,2660,0.0015999999973814738
Hybrid Sort,Random,2665,0.0015999999973814738
Hybrid Sort,Random,2665,0.0037000000006059963
Hybrid Sort,Random,2670,0.001800000003271407
Hybrid Sort,Random,2670,0.0004999999987376214
Hybrid Sort,Random,2675,0.0020000000020559128
Hybrid Sort,Random,2675,0.0004999999987376214
Hybrid Sort,Random,2680,0.0014000000021496817
Hybrid Sort,Random,2680,0.0004999999987376214
Hybrid Sort,Random,2685,0.0010999999986438525
Hybrid Sort,Random,2685,0.001300000000981072
Hybrid Sort,Random,2690,0.001399999998596968
Hybrid Sort,Random,2690,0.0005999999999062311
Hybrid Sort,Random,2695,0.0015999999973814738
Hybrid Sort,Random,2695,0.0004999999987376214
Hybrid Sort,Random,2700,0.0011999999998124622
Hybrid Sort,Random,2700,0.000500000002290335
Hybrid Sort,Random,2705,0.0009999999974752427
Hybrid Sort,Random,2705,0.001300000000981072
Hybrid Sort,Random,2710,0.0010000000010279564
Hybrid Sort,Random,2710,0.001300000000981072
Hybrid Sort,Random,2715,0.0016000000009341875
Hybrid Sort,Random,2715,0.000500000002290335
Hybrid Sort,Random,2720,0.0014999999997655777
Hybrid Sort,Random,2720,0.0005999999999062311
Hybrid Sort,Random,2725,0.0015000000033182914
Hybrid Sort,Random,2725,0.000500000002290335
Hybrid Sort,Random,2730,0.0010999999986438525
Hybrid Sort,Random,2730,0.000500000002290335
Hybrid Sort,Random,2735,0.0016000000009341875
Hybrid Sort,Random,2735,0.0016000000009341875
Hybrid Sort,Random,2740,0.0011999999998124622
Hybrid Sort,Random,2740,0.0016999999985500835
Hybrid Sort,Random,2745,0.0014000000021496817
Hybrid Sort,Random,2745,0.0004999999987376214
Hybrid Sort,Random,2750,0.0016000000009341875
Hybrid Sort,Random,2750,0.0004999999987376214
Hybrid Sort,Random,2755,0.0015999999973814738
Hybrid Sort,Random,2755,0.0004000000011217253
Hybrid Sort,Random,2760,0.0012999999974283583
Hybrid Sort,Random,2760,0.0014000000021496817
Hybrid Sort,Random,2765,0.0014999999997655777
Hybrid Sort,Random,2765,0.0004999999987376214
Hybrid Sort,Random,2770,0.001999999998503199
Hybrid Sort,Random,2770,0.0004000000011217253
Hybrid Sort,Random,2775,0.0012999999974283583
Hybrid Sort,Random,2775,0.000500000002290335
Hybrid Sort,Random,2780,0.0014999999997655777
Hybrid Sort,Random,2780,0.0004999999987376214
Hybrid Sort,Random,2785,0.0010999999986438525
Hybrid Sort,Random,2785,0.001300000000981072
Hybrid Sort,Random,2790,0.0017999999997186933
Hybrid Sort,Random,2790,0.0005999999999062311
Hybrid Sort,Random,2795,0.0014999999997655777
Hybrid Sort,Random,2795,0.0004999999987376214
Hybrid Sort,Random,2800,0.0016000000009341875
Hybrid Sort,Random,2800,0.0017999999997186933
Hybrid Sort,Random,2805,0.001999999998503199
Hybrid Sort,Random,2805,0.0004000000011217253
Hybrid Sort,Random,2810,0.0014999999997655777
Hybrid Sort,Random,2810,0.0016000000009341875
Hybrid Sort,Random,2815,0.0011999999998124622
Hybrid Sort,Random,2815,0.0003999999975690116
Hybrid Sort,Random,2820,0.0016999999985500835
Hybrid Sort,Random,2820,0.0003999999975690116
Hybrid Sort,Random,2825,0.0010999999986438525
Hybrid Sort,Random,2825,0.0004999999987376214
Hybrid Sort,Random,2830,0.001900000000887303
Hybrid Sort,Random,2830,0.0005999999999062311
Hybrid Sort,Random,2835,0.0014999999997655777
Hybrid Sort,Random,2835,0.0004000000011217253
Hybrid Sort,Random,2840,0.0017999999997186933
Hybrid Sort,Random,2840,0.0004999999987376214
Hybrid Sort,Random,2845,0.0014999999997655777
Hybrid Sort,Random,2845,0.0005999999999062311
Hybrid Sort,Random,2850,0.0014999999997655777
Hybrid Sort,Random,2850,0.0007000000010748408
Hybrid Sort,Random,2855,0.0016999999985500835
Hybrid Sort,Random,2855,0.0016000000009341875
Hybrid Sort,Random,2860,0.0010999999986438525
Hybrid Sort,Random,2860,0.0016999999985500835
Hybrid Sort,Random,2865,0.0017999999997186933
Hybrid Sort,Random,2865,0.0014999999997655777
Hybrid Sort,Random,2870,0.0010000000010279564
Hybrid Sort,Random,2870,0.0004000000011217253
Hybrid Sort,Random,2875,0.0011999999998124622
Hybrid Sort,Random,2875,0.0012999999974283583
Hybrid Sort,Random,2880,0.001300000000981072
Hybrid Sort,Random,2880,0.0017999999997186933
Hybrid Sort,Random,2885,0.0012999999974283583
Hybrid Sort,Random,2885,0.0004999999987376214
Hybrid Sort,Random,2890,0.0014999999997655777
Hybrid Sort,Random,2890,0.0015999999973814738
Hybrid Sort,Random,2895,0.0014999999997655777
Hybrid Sort,Random,2895,0.000500000002290335
Hybrid Sort,Random,2900,0.0010999999986438525
Hybrid Sort,Random,2900,0.0004000000011217253
Hybrid Sort,Random,2905,0.0014999999997655777
Hybrid Sort,Random,2905,0.0012999999974283583
Hybrid Sort,Random,2910,0.0017999999997186933
Hybrid Sort,Random,2910,0.0016000000009341875
Hybrid Sort,Random,2915,0.0016999999985500835
Hybrid Sort,Random,2915,0.0004000000011217253
Hybrid Sort,Random,2920,0.0011999999998124622
Hybrid Sort,Random,2920,0.0011999999998124622
Hybrid Sort,Random,2925,0.0010999999986438525
Hybrid Sort,Random,2925,0.001300000000981072
Hybrid Sort,Random,2930,0.0010999999986438525
Hybrid Sort,Random,2930,0.0012999999974283583
Hybrid Sort,Random,2935,0.0016999999985500835
Hybrid Sort,Random,2935,0.000500000002290335
Hybrid Sort,Random,2940,0.0016000000009341875
Hybrid Sort,Random,2940,0.0004999999987376214
Hybrid Sort,Random,2945,0.0012999999974283583
Hybrid Sort,Random,2945,0.0004999999987376214
Hybrid Sort,Random,2950,0.0010000000010279564
Hybrid Sort,Random,2950,0.0011999999998124622
Hybrid Sort,Random,2955,0.0017999999997186933
Hybrid Sort,Random,2955,0.001999999998503199
Hybrid Sort,Random,2960,0.0011999999998124622
Hybrid Sort,Random,2960,0.0011999999998124622
Hybrid Sort,Random,2965,0.001300000000981072
Hybrid Sort,Random,2965,0.0015999999973814738
Hybrid Sort,Random,2970,0.0018999999973345894
Hybrid Sort,Random,2970,0.0011999999998124622
Hybrid Sort,Random,2975,0.001300000000981072
Hybrid Sort,Random,2975,0.002099999999671809
Hybrid Sort,Random,2980,0.0014999999997655777
Hybrid Sort,Random,2980,0.0004999999987376214
Hybrid Sort,Random,2985,0.0017999999997186933
Hybrid Sort,Random,2985,0.0004000000011217253
Hybrid Sort,Random,2990,0.0017000000021027972
Hybrid Sort,Random,2990,0.000500000002290335
Hybrid Sort,Random,2995,0.0020000000020559128
Hybrid Sort,Random,2995,0.0017999999997186933
Hybrid Sort,Random,3000,0.001300000000981072
Hybrid Sort,Random,3000,0.0016999999985500835
Hybrid Sort,Random,3005,0.001999999998503199
Hybrid Sort,Random,3005,0.001300000000981072
Hybrid Sort,Random,3010,0.0017999999997186933
Hybrid Sort,Random,3010,0.0004000000011217253
Hybrid Sort,Random,3015,0.0017999999997186933
Hybrid Sort,Random,3015,0.0004999999987376214
Hybrid Sort,Random,3020,0.0010999999986438525
Hybrid Sort,Random,3020,0.000500000002290335
Hybrid Sort,Random,3025,0.001300000000981072
Hybrid Sort,Random,3025,0.0016000000009341875
Hybrid Sort,Random,3030,0.0009999999974752427
Hybrid Sort,Random,3030,0.0011999999998124622
Hybrid Sort,Random,3035,0.0014000000021496817
Hybrid Sort,Random,3035,0.0016000000009341875
Hybrid Sort,Random,3040,0.0016999999985500835
Hybrid Sort,Random,3040,0.0004000000011217253
Hybrid Sort,Random,3045,0.001300000000981072
Hybrid Sort,Random,3045,0.0010000000010279564
Hybrid Sort,Random,3050,0.0014999999997655777
Hybrid Sort,Random,3050,0.0017000000021027972
Hybrid Sort,Random,3055,0.0014999999997655777
Hybrid Sort,Random,3055,0.0004999999987376214
Hybrid Sort,Random,3060,0.001900000000887303
Hybrid Sort,Random,3060,0.0007999999986907369
Hybrid Sort,Random,3065,0.0009999999974752427
Hybrid Sort,Random,3065,0.0011999999998124622
Hybrid Sort,Random,3070,0.0014999999997655777
Hybrid Sort,Random,3070,0.0005999999999062311
Hybrid Sort,Random,3075,0.002099999999671809
Hybrid Sort,Random,3075,0.0012999999974283583
Hybrid Sort,Random,3080,0.0028000000007466497
Hybrid Sort,Random,3080,0.0004999999987376214
Hybrid Sort,Random,3085,0.0016000000009341875
Hybrid Sort,Random,3085,0.0035999999994373866
Hybrid Sort,Random,3090,0.00259999999840943
Hybrid Sort,Random,3090,0.0011999999998124622
Hybrid Sort,Random,3095,0.0022000000008404186
Hybrid Sort,Random,3095,0.0005999999999062311
Hybrid Sort,Random,3100,0.001399999998596968
Hybrid Sort,Random,3100,0.0005999999999062311
Hybrid Sort,Random,3105,0.0011999999998124622
Hybrid Sort,Random,3105,0.001300000000981072
Hybrid Sort,Random,3110,0.001399999998596968
Hybrid Sort,Random,3110,0.000500000002290335
Hybrid Sort,Random,3115,0.0016000000009341875
Hybrid Sort,Random,3115,0.0004999999987376214
Hybrid Sort,Random,3120,0.0014999999997655777
Hybrid Sort,Random,3120,0.0004999999987376214
Hybrid Sort,Random,3125,0.0014999999997655777
Hybrid Sort,Random,3125,0.0007000000010748408
Hybrid Sort,Random,3130,0.0014000000021496817
Hybrid Sort,Random,3130,0.000500000002290335
Hybrid Sort,Random,3135,0.0014999999997655777
Hybrid Sort,Random,3135,0.0004999999987376214
Hybrid Sort,Random,3140,0.0011999999998124622
Hybrid Sort,Random,3140,0.0011999999998124622
Hybrid Sort,Random,3145,0.001399999998596968
Hybrid Sort,Random,3145,0.000500000002290335
Hybrid Sort,Random,3150,0.0016000000009341875
Hybrid Sort,Random,3150,0.002400000003177638
Hybrid Sort,Random,3155,0.0016000000009341875
Hybrid Sort,Random,3155,0.0005999999999062311
Hybrid Sort,Random,3160,0.0010999999986438525
Hybrid Sort,Random,3160,0.0004999999987376214
Hybrid Sort,Random,3165,0.001399999998596968
Hybrid Sort,Random,3165,0.0011999999998124622
Hybrid Sort,Random,3170,0.0016000000009341875
Hybrid Sort,Random,3170,0.000500000002290335
Hybrid Sort,Random,3175,0.0014999999997655777
Hybrid Sort,Random,3175,0.0005999999999062311
Hybrid Sort,Random,3180,0.0014999999997655777
Hybrid Sort,Random,3180,0.001300000000981072
Hybrid Sort,Random,3185,0.001300000000981072
Hybrid Sort,Random,3185,0.0010000000010279564
Hybrid Sort,Random,3190,0.0016000000009341875
Hybrid Sort,Random,3190,0.0012999999974283583
Hybrid Sort,Random,3195,0.001399999998596968
Hybrid Sort,Random,3195,0.0012999999974283583
Hybrid Sort,Random,3200,0.0016000000009341875
Hybrid Sort,Random,3200,0.000500000002290335
Hybrid Sort,Random,3205,0.0010000000010279564
Hybrid Sort,Random,3205,0.001300000000981072
Hybrid Sort,Random,3210,0.0014000000021496817
Hybrid Sort,Random,3210,0.0004000000011217253
Hybrid Sort,Random,3215,0.001399999998596968
Hybrid Sort,Random,3215,0.0004999999987376214
Hybrid Sort,Random,3220,0.0016000000009341875
Hybrid Sort,Random,3220,0.000500000002290335
Hybrid Sort,Random,3225,0.001399999998596968
Hybrid Sort,Random,3225,0.0015999999973814738
Hybrid Sort,Random,3230,0.0017999999997186933
Hybrid Sort,Random,3230,0.0006000000034589448
Hybrid Sort,Random,3235,0.0017000000021027972
Hybrid Sort,Random,3235,0.001300000000981072
Hybrid Sort,Random,3240,0.0017000000021027972
Hybrid Sort,Random,3240,0.0004999999987376214
Hybrid Sort,Random,3245,0.0017999999997186933
Hybrid Sort,Random,3245,0.0006999999975221272
Hybrid Sort,Random,3250,0.0021000000032245225
Hybrid Sort,Random,3250,0.0012000000033651759
Hybrid Sort,Random,3255,0.0016999999985500835
Hybrid Sort,Random,3255,0.0005999999999062311
Hybrid Sort,Random,3260,0.0014999999997655777
Hybrid Sort,Random,3260,0.0004000000011217253
Hybrid Sort,Random,3265,0.0028000000007466497
Hybrid Sort,Random,3265,0.001399999998596968
Hybrid Sort,Random,3270,0.0011000000021965661
Hybrid Sort,Random,3270,0.0004999999987376214
Hybrid Sort,Random,3275,0.0010999999986438525
Hybrid Sort,Random,3275,0.0004999999987376214
Hybrid Sort,Random,3280,0.001900000000887303
Hybrid Sort,Random,3280,0.0017999999997186933
Hybrid Sort,Random,3285,0.0014999999997655777
Hybrid Sort,Random,3285,0.0004999999987376214
Hybrid Sort,Random,3290,0.001399999998596968
Hybrid Sort,Random,3290,0.0016999999985500835
Hybrid Sort,Random,3295,0.0014999999997655777
Hybrid Sort,Random,3295,0.0007999999986907369
Hybrid Sort,Random,3300,0.0009999999974752427
Hybrid Sort,Random,3300,0.002099999999671809
Hybrid Sort,Random,3305,0.0010999999986438525
Hybrid Sort,Random,3305,0.001300000000981072
Hybrid Sort,Random,3310,0.0016000000009341875
Hybrid Sort,Random,3310,0.000500000002290335
Hybrid Sort,Random,3315,0.001800000003271407
Hybrid Sort,Random,3315,0.0007999999986907369
Hybrid Sort,Random,3320,0.0016000000009341875
Hybrid Sort,Random,3320,0.0005999999999062311
Hybrid Sort,Random,3325,0.0016999999985500835
Hybrid Sort,Random,3325,0.0014000000021496817
Hybrid Sort,Random,3330,0.0011000000021965661
Hybrid Sort,Random,3330,0.0011999999998124622
Hybrid Sort,Random,3335,0.001999999998503199
Hybrid Sort,Random,3335,0.000500000002290335
Hybrid Sort,Random,3340,0.006799999997753048
Hybrid Sort,Random,3340,0.003200000001868375
Hybrid Sort,Random,3345,0.001900000000887303
Hybrid Sort,Random,3345,0.001300000000981072
Hybrid Sort,Random,3350,0.0014999999997655777
Hybrid Sort,Random,3350,0.001900000000887303
Hybrid Sort,Random,3355,0.002099999999671809
Hybrid Sort,Random,3355,0.0004999999987376214
Hybrid Sort,Random,3360,0.0014999999997655777
Hybrid Sort,Random,3360,0.001300000000981072
Hybrid Sort,Random,3365,0.0011999999998124622
Hybrid Sort,Random,3365,0.0004000000011217253
Hybrid Sort,Random,3370,0.0017999999997186933
Hybrid Sort,Random,3370,0.0005999999999062311
Hybrid Sort,Random,3375,0.0016999999985500835
Hybrid Sort,Random,3375,0.0004999999987376214
Hybrid Sort,Random,3380,0.0014999999997655777
Hybrid Sort,Random,3380,0.002099999999671809
Hybrid Sort,Random,3385,0.001900000000887303
Hybrid Sort,Random,3385,0.0011999999998124622
Hybrid Sort,Random,3390,0.0020000000020559128
Hybrid Sort,Random,3390,0.0005999999999062311
Hybrid Sort,Random,3395,0.0014000000021496817
Hybrid Sort,Random,3395,0.0003999999975690116
Hybrid Sort,Random,3400,0.001900000000887303
Hybrid Sort,Random,3400,0.000500000002290335
Hybrid Sort,Random,3405,0.001999999998503199
Hybrid Sort,Random,3405,0.0004999999987376214
Hybrid Sort,Random,3410,0.0010999999986438525
Hybrid Sort,Random,3410,0.0011999999998124622
Hybrid Sort,Random,3415,0.0011000000021965661
Hybrid Sort,Random,3415,0.0004999999987376214
Hybrid Sort,Random,3420,0.001300000000981072
Hybrid Sort,Random,3420,0.0004999999987376214
Hybrid Sort,Random,3425,0.0014000000021496817
Hybrid Sort,Random,3425,0.0005999999999062311
Hybrid Sort,Random,3430,0.001399999998596968
Hybrid Sort,Random,3430,0.0010999999986438525
Hybrid Sort,Random,3435,0.0017999999997186933
Hybrid Sort,Random,3435,0.0005999999999062311
Hybrid Sort,Random,3440,0.0011999999998124622
Hybrid Sort,Random,3440,0.0004999999987376214
Hybrid Sort,Random,3445,0.0014999999997655777
Hybrid Sort,Random,3445,0.0005999999999062311
Hybrid Sort,Random,3450,0.0011999999998124622
Hybrid Sort,Random,3450,0.001300000000981072
Hybrid Sort,Random,3455,0.001900000000887303
Hybrid Sort,Random,3455,0.0016000000009341875
Hybrid Sort,Random,3460,0.001999999998503199
Hybrid Sort,Random,3460,0.0004999999987376214
Hybrid Sort,Random,3465,0.0014000000021496817
Hybrid Sort,Random,3465,0.0031000000006997652
Hybrid Sort,Random,3470,0.0017999999997186933
Hybrid Sort,Random,3470,0.0004999999987376214
Hybrid Sort,Random,3475,0.0030999999971470515
Hybrid Sort,Random,3475,0.0011999999998124622
Hybrid Sort,Random,3480,0.0018999999973345894
Hybrid Sort,Random,3480,0.0010000000010279564
Hybrid Sort,Random,3485,0.001399999998596968
Hybrid Sort,Random,3485,0.0011999999998124622
Hybrid Sort,Random,3490,0.0016000000009341875
Hybrid Sort,Random,3490,0.0007000000010748408
Hybrid Sort,Random,3495,0.0014000000021496817
Hybrid Sort,Random,3495,0.0004999999987376214
Hybrid Sort,Random,3500,0.0014999999997655777
Hybrid Sort,Random,3500,0.0004999999987376214
Hybrid Sort,Random,3505,0.0014999999997655777
Hybrid Sort,Random,3505,0.0005999999999062311
Hybrid Sort,Random,3510,0.0012999999974283583
Hybrid Sort,Random,3510,0.0004999999987376214
Hybrid Sort,Random,3515,0.0009999999974752427
Hybrid Sort,Random,3515,0.0012999999974283583
Hybrid Sort,Random,3520,0.0011999999998124622
Hybrid Sort,Random,3520,0.0011999999998124622
Hybrid Sort,Random,3525,0.0014999999997655777
Hybrid Sort,Random,3525,0.0004999999987376214
Hybrid Sort,Random,3530,0.00819999999990273
Hybrid Sort,Random,3530,0.0004000000011217253
Hybrid Sort,Random,3535,0.0017999999997186933
Hybrid Sort,Random,3535,0.000500000002290335
Hybrid Sort,Random,3540,0.0011000000021965661
Hybrid Sort,Random,3540,0.0004000000011217253
Hybrid Sort,Random,3545,0.0011999999998124622
Hybrid Sort,Random,3545,0.001300000000981072
Hybrid Sort,Random,3550,0.0011000000021965661
Hybrid Sort,Random,3550,0.0004000000011217253
Hybrid Sort,Random,3555,0.0014999999997655777
Hybrid Sort,Random,3555,0.0004000000011217253
Hybrid Sort,Random,3560,0.0022999999984563146
Hybrid Sort,Random,3560,0.009600000002052411
Hybrid Sort,Random,3565,0.0017000000021027972
Hybrid Sort,Random,3565,0.0012999999974283583
Hybrid Sort,Random,3570,0.0014000000021496817
Hybrid Sort,Random,3570,0.000500000002290335
Hybrid Sort,Random,3575,0.0017999999997186933
Hybrid Sort,Random,3575,0.0011999999998124622
Hybrid Sort,Random,3580,0.0011000000021965661
Hybrid Sort,Random,3580,0.000500000002290335
Hybrid Sort,Random,3585,0.0014999999997655777
Hybrid Sort,Random,3585,0.0016999999985500835
Hybrid Sort,Random,3590,0.0014999999997655777
Hybrid Sort,Random,3590,0.0004000000011217253
Hybrid Sort,Random,3595,0.0014000000021496817
Hybrid Sort,Random,3595,0.003299999999484271
Hybrid Sort,Random,3600,0.0034000000006528808
Hybrid Sort,Random,3600,0.0004999999987376214
Hybrid Sort,Random,3605,0.001999999998503199
Hybrid Sort,Random,3605,0.0012999999974283583
Hybrid Sort,Random,3610,0.0014000000021496817
Hybrid Sort,Random,3610,0.0003999999975690116
Hybrid Sort,Random,3615,0.0017000000021027972
Hybrid Sort,Random,3615,0.001300000000981072
Hybrid Sort,Random,3620,0.0016999999985500835
Hybrid Sort,Random,3620,0.0004999999987376214
Hybrid Sort,Random,3625,0.0029999999995311555
Hybrid Sort,Random,3625,0.0011999999998124622
Hybrid Sort,Random,3630,0.004000000000559112
Hybrid Sort,Random,3630,0.0004999999987376214
Hybrid Sort,Random,3635,0.0029000000019152594
Hybrid Sort,Random,3635,0.0005999999999062311
Hybrid Sort,Random,3640,0.002099999999671809
Hybrid Sort,Random,3640,0.000500000002290335
Hybrid Sort,Random,3645,0.0034000000006528808
Hybrid Sort,Random,3645,0.0016000000009341875
Hybrid Sort,Random,3650,0.002199999997287705
Hybrid Sort,Random,3650,0.000500000002290335
Hybrid Sort,Random,3655,0.002500000000793534
Hybrid Sort,Random,3655,0.001300000000981072
Hybrid Sort,Random,3660,0.0014999999997655777
Hybrid Sort,Random,3660,0.000500000002290335
Hybrid Sort,Random,3665,0.0012999999974283583
Hybrid Sort,Random,3665,0.0011999999998124622
Hybrid Sort,Random,3670,0.0016999999985500835
Hybrid Sort,Random,3670,0.0007000000010748408
Hybrid Sort,Random,3675,0.0016999999985500835
Hybrid Sort,Random,3675,0.00269999999957804
Hybrid Sort,Random,3680,0.002099999999671809
Hybrid Sort,Random,3680,0.0011999999998124622
Hybrid Sort,Random,3685,0.0016999999985500835
Hybrid Sort,Random,3685,0.0011999999998124622
Hybrid Sort,Random,3690,0.0017999999997186933
Hybrid Sort,Random,3690,0.0011999999998124622
Hybrid Sort,Random,3695,0.001900000000887303
Hybrid Sort,Random,3695,0.000500000002290335
Hybrid Sort,Random,3700,0.002600000001962144
Hybrid Sort,Random,3700,0.000500000002290335
Hybrid Sort,Random,3705,0.0017000000021027972
Hybrid Sort,Random,3705,0.0017999999997186933
Hybrid Sort,Random,3710,0.001300000000981072
Hybrid Sort,Random,3710,0.0011999999998124622
Hybrid Sort,Random,3715,0.0015999999973814738
Hybrid Sort,Random,3715,0.0024999999972408204
Hybrid Sort,Random,3720,0.001399999998596968
Hybrid Sort,Random,3720,0.000500000002290335
Hybrid Sort,Random,3725,0.00269999999957804
Hybrid Sort,Random,3725,0.0012999999974283583
Hybrid Sort,Random,3730,0.001999999998503199
Hybrid Sort,Random,3730,0.0033000000030369847
Hybrid Sort,Random,3735,0.0029000000019152594
Hybrid Sort,Random,3735,0.0004999999987376214
Hybrid Sort,Random,3740,0.0016000000009341875
Hybrid Sort,Random,3740,0.0004999999987376214
Hybrid Sort,Random,3745,0.0020000000020559128
Hybrid Sort,Random,3745,0.001300000000981072
Hybrid Sort,Random,3750,0.001800000003271407
Hybrid Sort,Random,3750,0.0005999999999062311
Hybrid Sort,Random,3755,0.0018999999973345894
Hybrid Sort,Random,3755,0.0011999999998124622
Hybrid Sort,Random,3760,0.0016999999985500835
Hybrid Sort,Random,3760,0.0004999999987376214
Hybrid Sort,Random,3765,0.002099999999671809
Hybrid Sort,Random,3765,0.001399999998596968
Hybrid Sort,Random,3770,0.001399999998596968
Hybrid Sort,Random,3770,0.0004000000011217253
Hybrid Sort,Random,3775,0.0022000000008404186
Hybrid Sort,Random,3775,0.0004999999987376214
Hybrid Sort,Random,3780,0.0017000000021027972
Hybrid Sort,Random,3780,0.000500000002290335
Hybrid Sort,Random,3785,0.0014999999997655777
Hybrid Sort,Random,3785,0.0005999999999062311
Hybrid Sort,Random,3790,0.001800000003271407
Hybrid Sort,Random,3790,0.017400000000833415
Hybrid Sort,Random,3795,0.002099999999671809
Hybrid Sort,Random,3795,0.001300000000981072
Hybrid Sort,Random,3800,0.001999999998503199
Hybrid Sort,Random,3800,0.001300000000981072
Hybrid Sort,Random,3805,0.001900000000887303
Hybrid Sort,Random,3805,0.0004000000011217253
Hybrid Sort,Random,3810,0.0022999999984563146
Hybrid Sort,Random,3810,0.001300000000981072
Hybrid Sort,Random,3815,0.002099999999671809
Hybrid Sort,Random,3815,0.0011999999998124622
Hybrid Sort,Random,3820,0.001900000000887303
Hybrid Sort,Random,3820,0.0023999999996249244
Hybrid Sort,Random,3825,0.0016999999985500835
Hybrid Sort,Random,3825,0.0008000000022434506
Hybrid Sort,Random,3830,0.0022000000008404186
Hybrid Sort,Random,3830,0.001300000000981072
Hybrid Sort,Random,3835,0.0022999999984563146
Hybrid Sort,Random,3835,0.0004999999987376214
Hybrid Sort,Random,3840,0.0016999999985500835
Hybrid Sort,Random,3840,0.0004999999987376214
Hybrid Sort,Random,3845,0.0016000000009341875
Hybrid Sort,Random,3845,0.001300000000981072
Hybrid Sort,Random,3850,0.0011999999998124622
Hybrid Sort,Random,3850,0.0004000000011217253
Hybrid Sort,Random,3855,0.0016000000009341875
Hybrid Sort,Random,3855,0.0034000000006528808
Hybrid Sort,Random,3860,0.001900000000887303
Hybrid Sort,Random,3860,0.000500000002290335
Hybrid Sort,Random,3865,0.0016000000009341875
Hybrid Sort,Random,3865,0.0005999999999062311
Hybrid Sort,Random,3870,0.0014999999997655777
Hybrid Sort,Random,3870,0.0004000000011217253
Hybrid Sort,Random,3875,0.0014999999997655777
Hybrid Sort,Random,3875,0.0003999999975690116
Hybrid Sort,Random,3880,0.001399999998596968
Hybrid Sort,Random,3880,0.0012999999974283583
Hybrid Sort,Random,3885,0.0010999999986438525
Hybrid Sort,Random,3885,0.0004000000011217253
Hybrid Sort,Random,3890,0.0017999999997186933
Hybrid Sort,Random,3890,0.0004999999987376214
Hybrid Sort,Random,3895,0.002099999999671809
Hybrid Sort,Random,3895,0.0004999999987376214
Hybrid Sort,Random,3900,0.0016999999985500835
Hybrid Sort,Random,3900,0.0005999999999062311
Hybrid Sort,Random,3905,0.0017999999997186933
Hybrid Sort,Random,3905,0.0011999999998124622
Hybrid Sort,Random,3910,0.002600000001962144
Hybrid Sort,Random,3910,0.001300000000981072
Hybrid Sort,Random,3915,0.0022999999984563146
Hybrid Sort,Random,3915,0.001300000000981072
Hybrid Sort,Random,3920,0.0010999999986438525
Hybrid Sort,Random,3920,0.0011000000021965661
Hybrid Sort,Random,3925,0.0017999999997186933
Hybrid Sort,Random,3925,0.0016999999985500835
Hybrid Sort,Random,3930,0.001399999998596968
Hybrid Sort,Random,3930,0.0011999999998124622
Hybrid Sort,Random,3935,0.0014999999997655777
Hybrid Sort,Random,3935,0.0011000000021965661
Hybrid Sort,Random,3940,0.0011000000021965661
Hybrid Sort,Random,3940,0.0004999999987376214
Hybrid Sort,Random,3945,0.0017000000021027972
Hybrid Sort,Random,3945,0.002099999999671809
Hybrid Sort,Random,3950,0.002099999999671809
Hybrid Sort,Random,3950,0.0012999999974283583
Hybrid Sort,Random,3955,0.0016999999985500835
Hybrid Sort,Random,3955,0.0005999999999062311
Hybrid Sort,Random,3960,0.001800000003271407
Hybrid Sort,Random,3960,0.0003999999975690116
Hybrid Sort,Random,3965,0.0016999999985500835
Hybrid Sort,Random,3965,0.0007000000010748408
Hybrid Sort,Random,3970,0.0014000000021496817
Hybrid Sort,Random,3970,0.0005999999999062311
Hybrid Sort,Random,3975,0.0018999999973345894
Hybrid Sort,Random,3975,0.0004999999987376214
Hybrid Sort,Random,3980,0.001900000000887303
Hybrid Sort,Random,3980,0.0007999999986907369
Hybrid Sort,Random,3985,0.0016999999985500835
Hybrid Sort,Random,3985,0.001300000000981072
Hybrid Sort,Random,3990,0.001300000000981072
Hybrid Sort,Random,3990,0.001300000000981072
Hybrid Sort,Random,3995,0.0017999999997186933
Hybrid Sort,Random,3995,0.0008000000022434506
Hybrid Sort,Random,4000,0.0010999999986438525
Hybrid Sort,Random,4000,0.0005999999999062311
Hybrid Sort,Random,4005,0.002099999999671809
Hybrid Sort,Random,4005,0.0012999999974283583
Hybrid Sort,Random,4010,0.001900000000887303
Hybrid Sort,Random,4010,0.001300000000981072
Hybrid Sort,Random,4015,0.001399999998596968
Hybrid Sort,Random,4015,0.0014000000021496817
Hybrid Sort,Random,4020,0.0014000000021496817
Hybrid Sort,Random,4020,0.0012999999974283583
Hybrid Sort,Random,4025,0.00259999999840943
Hybrid Sort,Random,4025,0.001399999998596968
Hybrid Sort,Random,4030,0.0016000000009341875
Hybrid Sort,Random,4030,0.0005999999999062311
Hybrid Sort,Random,4035,0.0020000000020559128
Hybrid Sort,Random,4035,0.0004999999987376214
Hybrid Sort,Random,4040,0.0011999999998124622
Hybrid Sort,Random,4040,0.0004999999987376214
Hybrid Sort,Random,4045,0.0016999999985500835
Hybrid Sort,Random,4045,0.008499999999855845
Hybrid Sort,Random,4050,0.0016000000009341875
Hybrid Sort,Random,4050,0.0011999999998124622
Hybrid Sort,Random,4055,0.002600000001962144
Hybrid Sort,Random,4055,0.0012999999974283583
Hybrid Sort,Random,4060,0.001399999998596968
Hybrid Sort,Random,4060,0.0005999999999062311
Hybrid Sort,Random,4065,0.001999999998503199
Hybrid Sort,Random,4065,0.0005999999999062311
Hybrid Sort,Random,4070,0.0023999999996249244
Hybrid Sort,Random,4070,0.0004999999987376214
Hybrid Sort,Random,4075,0.0011999999998124622
Hybrid Sort,Random,4075,0.0007000000010748408
Hybrid Sort,Random,4080,0.0017999999997186933
Hybrid Sort,Random,4080,0.001300000000981072
Hybrid Sort,Random,4085,0.001999999998503199
Hybrid Sort,Random,4085,0.0004999999987376214
Hybrid Sort,Random,4090,0.0014999999997655777
Hybrid Sort,Random,4090,0.0004999999987376214
Hybrid Sort,Random,4095,0.0016999999985500835
Hybrid Sort,Random,4095,0.000500000002290335
Hybrid Sort,Random,4100,0.00259999999840943
Hybrid Sort,Random,4100,0.0012999999974283583
Hybrid Sort,Random,4105,0.002199999997287705
Hybrid Sort,Random,4105,0.0010999999986438525
Hybrid Sort,Random,4110,0.001300000000981072
Hybrid Sort,Random,4110,0.001300000000981072
Hybrid Sort,Random,4115,0.0035000000018214905
Hybrid Sort,Random,4115,0.001399999998596968
Hybrid Sort,Random,4120,0.0028000000007466497
Hybrid Sort,Random,4120,0.0011999999998124622
Hybrid Sort,Random,4125,0.00269999999957804
Hybrid Sort,Random,4125,0.0005999999999062311
Hybrid Sort,Random,4130,0.0016999999985500835
Hybrid Sort,Random,4130,0.000500000002290335
Hybrid Sort,Random,4135,0.001800000003271407
Hybrid Sort,Random,4135,0.0007000000010748408
Hybrid Sort,Random,4140,0.0014999999997655777
Hybrid Sort,Random,4140,0.0023999999996249244
Hybrid Sort,Random,4145,0.0016000000009341875
Hybrid Sort,Random,4145,0.0023999999996249244
Hybrid Sort,Random,4150,0.0016000000009341875
Hybrid Sort,Random,4150,0.0007000000010748408
Hybrid Sort,Random,4155,0.001800000003271407
Hybrid Sort,Random,4155,0.0005999999999062311
Hybrid Sort,Random,4160,0.0014999999997655777
Hybrid Sort,Random,4160,0.0004999999987376214
Hybrid Sort,Random,4165,0.0036000000029901003
Hybrid Sort,Random,4165,0.000500000002290335
Hybrid Sort,Random,4170,0.0016999999985500835
Hybrid Sort,Random,4170,0.0011999999998124622
Hybrid Sort,Random,4175,0.00269999999957804
Hybrid Sort,Random,4175,0.0010999999986438525
Hybrid Sort,Random,4180,0.0023999999996249244
Hybrid Sort,Random,4180,0.0005999999999062311
Hybrid Sort,Random,4185,0.002199999997287705
Hybrid Sort,Random,4185,0.0031999999983156613
Hybrid Sort,Random,4190,0.0017999999997186933
Hybrid Sort,Random,4190,0.0010999999986438525
Hybrid Sort,Random,4195,0.0016000000009341875
Hybrid Sort,Random,4195,0.0006999999975221272
Hybrid Sort,Random,4200,0.001900000000887303
Hybrid Sort,Random,4200,0.0005999999999062311
Hybrid Sort,Random,4205,0.0014999999997655777
Hybrid Sort,Random,4205,0.00269999999957804
Hybrid Sort,Random,4210,0.001900000000887303
Hybrid Sort,Random,4210,0.0004999999987376214
Hybrid Sort,Random,4215,0.0016999999985500835
Hybrid Sort,Random,4215,0.0012999999974283583
Hybrid Sort,Random,4220,0.0020000000020559128
Hybrid Sort,Random,4220,0.0012999999974283583
Hybrid Sort,Random,4225,0.0014999999997655777
Hybrid Sort,Random,4225,0.0004999999987376214
Hybrid Sort,Random,4230,0.0028999999983625457
Hybrid Sort,Random,4230,0.000500000002290335
Hybrid Sort,Random,4235,0.0031000000006997652
Hybrid Sort,Random,4235,0.0010999999986438525
Hybrid Sort,Random,4240,0.0035999999994373866
Hybrid Sort,Random,4240,0.001399999998596968
Hybrid Sort,Random,4245,0.0031999999983156613
Hybrid Sort,Random,4245,0.0015999999973814738
Hybrid Sort,Random,4250,0.0017999999997186933
Hybrid Sort,Random,4250,0.001300000000981072
Hybrid Sort,Random,4255,0.003499999998268777
Hybrid Sort,Random,4255,0.0005999999999062311
Hybrid Sort,Random,4260,0.003299999999484271
Hybrid Sort,Random,4260,0.0011999999998124622
Hybrid Sort,Random,4265,0.002199999997287705
Hybrid Sort,Random,4265,0.0004000000011217253
Hybrid Sort,Random,4270,0.0017999999997186933
Hybrid Sort,Random,4270,0.0037000000006059963
Hybrid Sort,Random,4275,0.002099999999671809
Hybrid Sort,Random,4275,0.000500000002290335
Hybrid Sort,Random,4280,0.0020000000020559128
Hybrid Sort,Random,4280,0.0005999999999062311
Hybrid Sort,Random,4285,0.002099999999671809
Hybrid Sort,Random,4285,0.0016000000009341875
Hybrid Sort,Random,4290,0.001300000000981072
Hybrid Sort,Random,4290,0.0011000000021965661
Hybrid Sort,Random,4295,0.0022000000008404186
Hybrid Sort,Random,4295,0.001300000000981072
Hybrid Sort,Random,4300,0.0037000000006059963
Hybrid Sort,Random,4300,0.0012999999974283583
Hybrid Sort,Random,4305,0.003499999998268777
Hybrid Sort,Random,4305,0.0014999999997655777
Hybrid Sort,Random,4310,0.00259999999840943
Hybrid Sort,Random,4310,0.001900000000887303
Hybrid Sort,Random,4315,0.002099999999671809
Hybrid Sort,Random,4315,0.000500000002290335
Hybrid Sort,Random,4320,0.0017999999997186933
Hybrid Sort,Random,4320,0.001399999998596968
Hybrid Sort,Random,4325,0.00269999999957804
Hybrid Sort,Random,4325,0.0005999999999062311
Hybrid Sort,Random,4330,0.002199999997287705
Hybrid Sort,Random,4330,0.0010999999986438525
Hybrid Sort,Random,4335,0.001900000000887303
Hybrid Sort,Random,4335,0.0012999999974283583
Hybrid Sort,Random,4340,0.0017999999997186933
Hybrid Sort,Random,4340,0.0011999999998124622
Hybrid Sort,Random,4345,0.0014999999997655777
Hybrid Sort,Random,4345,0.0014999999997655777
Hybrid Sort,Random,4350,0.001900000000887303
Hybrid Sort,Random,4350,0.001300000000981072
Hybrid Sort,Random,4355,0.0024999999972408204
Hybrid Sort,Random,4355,0.0005999999999062311
Hybrid Sort,Random,4360,0.001900000000887303
Hybrid Sort,Random,4360,0.0007000000010748408
Hybrid Sort,Random,4365,0.0017000000021027972
Hybrid Sort,Random,4365,0.0003999999975690116
Hybrid Sort,Random,4370,0.0023000000020090283
Hybrid Sort,Random,4370,0.0004999999987376214
Hybrid Sort,Random,4375,0.0022999999984563146
Hybrid Sort,Random,4375,0.0005999999999062311
Hybrid Sort,Random,4380,0.002099999999671809
Hybrid Sort,Random,4380,0.000500000002290335
Hybrid Sort,Random,4385,0.0020000000020559128
Hybrid Sort,Random,4385,0.000500000002290335
Hybrid Sort,Random,4390,0.0017999999997186933
Hybrid Sort,Random,4390,0.0004999999987376214
Hybrid Sort,Random,4395,0.0016999999985500835
Hybrid Sort,Random,4395,0.000500000002290335
Hybrid Sort,Random,4400,0.0016999999985500835
Hybrid Sort,Random,4400,0.000500000002290335
Hybrid Sort,Random,4405,0.0017999999997186933
Hybrid Sort,Random,4405,0.0005999999999062311
Hybrid Sort,Random,4410,0.002099999999671809
Hybrid Sort,Random,4410,0.0005999999999062311
Hybrid Sort,Random,4415,0.0015999999973814738
Hybrid Sort,Random,4415,0.002600000001962144
Hybrid Sort,Random,4420,0.0016999999985500835
Hybrid Sort,Random,4420,0.0004999999987376214
Hybrid Sort,Random,4425,0.0017000000021027972
Hybrid Sort,Random,4425,0.0004999999987376214
Hybrid Sort,Random,4430,0.0015000000033182914
Hybrid Sort,Random,4430,0.0004999999987376214
Hybrid Sort,Random,4435,0.0010999999986438525
Hybrid Sort,Random,4435,0.000500000002290335
Hybrid Sort,Random,4440,0.0017999999997186933
Hybrid Sort,Random,4440,0.0004999999987376214
Hybrid Sort,Random,4445,0.001900000000887303
Hybrid Sort,Random,4445,0.001800000003271407
Hybrid Sort,Random,4450,0.0009999999974752427
Hybrid Sort,Random,4450,0.0004000000011217253
Hybrid Sort,Random,4455,0.0017999999997186933
Hybrid Sort,Random,4455,0.000500000002290335
Hybrid Sort,Random,4460,0.002500000000793534
Hybrid Sort,Random,4460,0.0004999999987376214
Hybrid Sort,Random,4465,0.0015999999973814738
Hybrid Sort,Random,4465,0.0004999999987376214
Hybrid Sort,Random,4470,0.001399999998596968
Hybrid Sort,Random,4470,0.0004999999987376214
Hybrid Sort,Random,4475,0.0016999999985500835
Hybrid Sort,Random,4475,0.0004999999987376214
Hybrid Sort,Random,4480,0.0014999999997655777
Hybrid Sort,Random,4480,0.0011999999998124622
Hybrid Sort,Random,4485,0.0014999999997655777
Hybrid Sort,Random,4485,0.0004000000011217253
Hybrid Sort,Random,4490,0.0015000000033182914
Hybrid Sort,Random,4490,0.001300000000981072
Hybrid Sort,Random,4495,0.002500000000793534
Hybrid Sort,Random,4495,0.0009999999974752427
Hybrid Sort,Random,4500,0.002099999999671809
Hybrid Sort,Random,4500,0.0005999999999062311
Hybrid Sort,Random,4505,0.0009999999974752427
Hybrid Sort,Random,4505,0.0007000000010748408
Hybrid Sort,Random,4510,0.0018999999973345894
Hybrid Sort,Random,4510,0.001399999998596968
Hybrid Sort,Random,4515,0.0011999999998124622
Hybrid Sort,Random,4515,0.0005999999999062311
Hybrid Sort,Random,4520,0.0014999999997655777
Hybrid Sort,Random,4520,0.0004999999987376214
Hybrid Sort,Random,4525,0.0014999999997655777
Hybrid Sort,Random,4525,0.0011999999998124622
Hybrid Sort,Random,4530,0.001300000000981072
Hybrid Sort,Random,4530,0.0015999999973814738
Hybrid Sort,Random,4535,0.0014999999997655777
Hybrid Sort,Random,4535,0.0008000000022434506
Hybrid Sort,Random,4540,0.0016999999985500835
Hybrid Sort,Random,4540,0.0004999999987376214
Hybrid Sort,Random,4545,0.002199999997287705
Hybrid Sort,Random,4545,0.0007000000010748408
Hybrid Sort,Random,4550,0.0014000000021496817
Hybrid Sort,Random,4550,0.0004000000011217253
Hybrid Sort,Random,4555,0.0016000000009341875
Hybrid Sort,Random,4555,0.0007000000010748408
Hybrid Sort,Random,4560,0.0014999999997655777
Hybrid Sort,Random,4560,0.0008999999998593466
Hybrid Sort,Random,4565,0.001300000000981072
Hybrid Sort,Random,4565,0.0004999999987376214
Hybrid Sort,Random,4570,0.0016000000009341875
Hybrid Sort,Random,4570,0.0004999999987376214
Hybrid Sort,Random,4575,0.0014999999997655777
Hybrid Sort,Random,4575,0.001300000000981072
Hybrid Sort,Random,4580,0.0016999999985500835
Hybrid Sort,Random,4580,0.000500000002290335
Hybrid Sort,Random,4585,0.0016999999985500835
Hybrid Sort,Random,4585,0.0004999999987376214
Hybrid Sort,Random,4590,0.0015999999973814738
Hybrid Sort,Random,4590,0.0004999999987376214
Hybrid Sort,Random,4595,0.0008999999998593466
Hybrid Sort,Random,4595,0.0004999999987376214
Hybrid Sort,Random,4600,0.001900000000887303
Hybrid Sort,Random,4600,0.000500000002290335
Hybrid Sort,Random,4605,0.0016000000009341875
Hybrid Sort,Random,4605,0.0004000000011217253
Hybrid Sort,Random,4610,0.0017999999997186933
Hybrid Sort,Random,4610,0.0012999999974283583
Hybrid Sort,Random,4615,0.0017999999997186933
Hybrid Sort,Random,4615,0.0007000000010748408
Hybrid Sort,Random,4620,0.001300000000981072
Hybrid Sort,Random,4620,0.000500000002290335
Hybrid Sort,Random,4625,0.0015999999973814738
Hybrid Sort,Random,4625,0.0008000000022434506
Hybrid Sort,Random,4630,0.0010999999986438525
Hybrid Sort,Random,4630,0.001300000000981072
Hybrid Sort,Random,4635,0.0016000000009341875
Hybrid Sort,Random,4635,0.0003999999975690116
Hybrid Sort,Random,4640,0.001399999998596968
Hybrid Sort,Random,4640,0.0003999999975690116
Hybrid Sort,Random,4645,0.0016000000009341875
Hybrid Sort,Random,4645,0.0005999999999062311
Hybrid Sort,Random,4650,0.0009999999974752427
Hybrid Sort,Random,4650,0.000500000002290335
Hybrid Sort,Random,4655,0.0007999999986907369
Hybrid Sort,Random,4655,0.003499999998268777
Hybrid Sort,Random,4660,0.001300000000981072
Hybrid Sort,Random,4660,0.0004999999987376214
Hybrid Sort,Random,4665,0.003299999999484271
Hybrid Sort,Random,4665,0.0014000000021496817
Hybrid Sort,Random,4670,0.0014999999997655777
Hybrid Sort,Random,4670,0.0008999999998593466
Hybrid Sort,Random,4675,0.0015999999973814738
Hybrid Sort,Random,4675,0.000500000002290335
Hybrid Sort,Random,4680,0.0014000000021496817
Hybrid Sort,Random,4680,0.0004000000011217253
Hybrid Sort,Random,4685,0.001999999998503199
Hybrid Sort,Random,4685,0.000500000002290335
Hybrid Sort,Random,4690,0.0014999999997655777
Hybrid Sort,Random,4690,0.0003999999975690116
Hybrid Sort,Random,4695,0.0008999999998593466
Hybrid Sort,Random,4695,0.0031999999983156613
Hybrid Sort,Random,4700,0.001900000000887303
Hybrid Sort,Random,4700,0.0005999999999062311
Hybrid Sort,Random,4705,0.001900000000887303
Hybrid Sort,Random,4705,0.0011999999998124622
Hybrid Sort,Random,4710,0.0010999999986438525
Hybrid Sort,Random,4710,0.000500000002290335
Hybrid Sort,Random,4715,0.0017000000021027972
Hybrid Sort,Random,4715,0.0008000000022434506
Hybrid Sort,Random,4720,0.0008999999998593466
Hybrid Sort,Random,4720,0.0007000000010748408
Hybrid Sort,Random,4725,0.0011999999998124622
Hybrid Sort,Random,4725,0.0004999999987376214
Hybrid Sort,Random,4730,0.00259999999840943
Hybrid Sort,Random,4730,0.0005999999999062311
Hybrid Sort,Random,4735,0.0017000000021027972
Hybrid Sort,Random,4735,0.0007000000010748408
Hybrid Sort,Random,4740,0.0008999999998593466
Hybrid Sort,Random,4740,0.0022999999984563146
Hybrid Sort,Random,4745,0.0010999999986438525
Hybrid Sort,Random,4745,0.0005999999999062311
Hybrid Sort,Random,4750,0.0017999999997186933
Hybrid Sort,Random,4750,0.001300000000981072
Hybrid Sort,Random,4755,0.0014000000021496817
Hybrid Sort,Random,4755,0.000500000002290335
Hybrid Sort,Random,4760,0.0007999999986907369
Hybrid Sort,Random,4760,0.0004999999987376214
Hybrid Sort,Random,4765,0.0022000000008404186
Hybrid Sort,Random,4765,0.000500000002290335
Hybrid Sort,Random,4770,0.0012999999974283583
Hybrid Sort,Random,4770,0.000500000002290335
Hybrid Sort,Random,4775,0.0008999999998593466
Hybrid Sort,Random,4775,0.0004999999987376214
Hybrid Sort,Random,4780,0.0016999999985500835
Hybrid Sort,Random,4780,0.0004999999987376214
Hybrid Sort,Random,4785,0.0014999999997655777
Hybrid Sort,Random,4785,0.0004999999987376214
Hybrid Sort,Random,4790,0.0008999999998593466
Hybrid Sort,Random,4790,0.0003999999975690116
Hybrid Sort,Random,4795,0.0027000000031307536
Hybrid Sort,Random,4795,0.0011999999998124622
Hybrid Sort,Random,4800,0.001399999998596968
Hybrid Sort,Random,4800,0.0004000000011217253
Hybrid Sort,Random,4805,0.0010000000010279564
Hybrid Sort,Random,4805,0.0005999999999062311
Hybrid Sort,Random,4810,0.0011999999998124622
Hybrid Sort,Random,4810,0.0004999999987376214
Hybrid Sort,Random,4815,0.0018999999973345894
Hybrid Sort,Random,4815,0.0007000000010748408
Hybrid Sort,Random,4820,0.0021000000032245225
Hybrid Sort,Random,4820,0.000500000002290335
Hybrid Sort,Random,4825,0.0008999999998593466
Hybrid Sort,Random,4825,0.0004999999987376214
Hybrid Sort,Random,4830,0.0010999999986438525
Hybrid Sort,Random,4830,0.0005999999999062311
Hybrid Sort,Random,4835,0.0010000000010279564
Hybrid Sort,Random,4835,0.0005999999999062311
Hybrid Sort,Random,4840,0.0010999999986438525
Hybrid Sort,Random,4840,0.0008000000022434506
Hybrid Sort,Random,4845,0.0007000000010748408
Hybrid Sort,Random,4845,0.0007999999986907369
Hybrid Sort,Random,4850,0.0010999999986438525
Hybrid Sort,Random,4850,0.0007000000010748408
Hybrid Sort,Random,4855,0.0009999999974752427
Hybrid Sort,Random,4855,0.0004999999987376214
Hybrid Sort,Random,4860,0.0010000000010279564
Hybrid Sort,Random,4860,0.0004000000011217253
Hybrid Sort,Random,4865,0.0007000000010748408
Hybrid Sort,Random,4865,0.0007000000010748408
Hybrid Sort,Random,4870,0.0008000000022434506
Hybrid Sort,Random,4870,0.0004999999987376214
Hybrid Sort,Random,4875,0.0034000000006528808
Hybrid Sort,Random,4875,0.0005999999999062311
Hybrid Sort,Random,4880,0.0016000000009341875
Hybrid Sort,Random,4880,0.0010999999986438525
Hybrid Sort,Random,4885,0.0009999999974752427
Hybrid Sort,Random,4885,0.000500000002290335
Hybrid Sort,Random,4890,0.0012999999974283583
Hybrid Sort,Random,4890,0.0004000000011217253
Hybrid Sort,Random,4895,0.0008999999998593466
Hybrid Sort,Random,4895,0.0005999999999062311
Hybrid Sort,Random,4900,0.0008999999998593466
Hybrid Sort,Random,4900,0.0003999999975690116
Hybrid Sort,Random,4905,0.0010000000010279564
Hybrid Sort,Random,4905,0.0005999999999062311
Hybrid Sort,Random,4910,0.0007999999986907369
Hybrid Sort,Random,4910,0.0004000000011217253
Hybrid Sort,Random,4915,0.0010000000010279564
Hybrid Sort,Random,4915,0.0004999999987376214
Hybrid Sort,Random,4920,0.0011999999998124622
Hybrid Sort,Random,4920,0.0004000000011217253
Hybrid Sort,Random,4925,0.0008999999998593466
Hybrid Sort,Random,4925,0.0007000000010748408
Hybrid Sort,Random,4930,0.0008999999998593466
Hybrid Sort,Random,4930,0.000500000002290335
Hybrid Sort,Random,4935,0.0008999999998593466
Hybrid Sort,Random,4935,0.0006999999975221272
Hybrid Sort,Random,4940,0.0008999999998593466
Hybrid Sort,Random,4940,0.0004999999987376214
Hybrid Sort,Random,4945,0.0008000000022434506
Hybrid Sort,Random,4945,0.0004999999987376214
Hybrid Sort,Random,4950,0.0010000000010279564
Hybrid Sort,Random,4950,0.001399999998596968
Hybrid Sort,Random,4955,0.0011000000021965661
Hybrid Sort,Random,4955,0.0004999999987376214
Hybrid Sort,Random,4960,0.0008999999998593466
Hybrid Sort,Random,4960,0.0004000000011217253
Hybrid Sort,Random,4965,0.0008000000022434506
Hybrid Sort,Random,4965,0.0004000000011217253
Hybrid Sort,Random,4970,0.0008999999998593466
Hybrid Sort,Random,4970,0.0004999999987376214
Hybrid Sort,Random,4975,0.0008999999998593466
Hybrid Sort,Random,4975,0.0005999999999062311
Hybrid Sort,Random,4980,0.0008000000022434506
Hybrid Sort,Random,4980,0.0004999999987376214
Hybrid Sort,Random,4985,0.0008999999998593466
Hybrid Sort,Random,4985,0.000500000002290335
Hybrid Sort,Random,4990,0.0008000000022434506
Hybrid Sort,Random,4990,0.000500000002290335
Hybrid Sort,Random,4995,0.0007999999986907369
Hybrid Sort,Random,4995,0.0004000000011217253
Hybrid Sort,Random,5000,0.001300000000981072
Hybrid Sort,Random,5000,0.0004999999987376214
